,full_text
0,fufufafa aneh malam minggu purwokerto kaskus
1,dukung 02 akun fufufafa memang cocok banget sama gibran pas ku lamin
2,wasit fufufafa purwokerto kaskus malam minggu
3,fufufafa bukan fafafufu
4,fufufafa partai ubah indonesia malam minggu purwokerto
5,kalau pernah ngaskus tau jelas apalagi main subforum sama 1 mana tau akun raka gnarly bisa log in lupa password 2 kalau cuma klaim akun asli muncul fufufafa habis 3 buat apa ngeklaim raka gnarly
6,fufufafa purwokerto wasit kaskus sanggup
7,moga besok mayor teddy sigap lindung pak praroro dr fufufafa
8,malam minggu fufufafa purwokerto malam minggu
9,gak terdebunk jg kalau fufufafa bukan gibran jadi it is what it is
10,malam minggu fufufafa purwokerto malam minggu
11,perintah komitmen selenggara pilkada 2024 sesuai konstitusi kait ada putus mahkamah konstitusi mahkamah konstitusi kena laksana pilkada serentak 2024 kaka boss jepang purwokerto fufufafa
12,kata2 bijag hari makin tua makin sampah
13,pindah ikn bukan dar pindah ibu kota perintah jadi bagi upaya besar indonesia laku transformasi ekonomi indonesia perata bangun kaka boss jepang purwokerto fufufafa
14,fufufafa ghost account gibran rkb nyata nyata
15,tatap mata kosong mulut banyak bicara orang tlol mcam fufufafa
16,angka 11 kritik kerja biasa apa komentar kalau orang komentar sangat sampah ras terang personal komentar yakin dari gen bapak mulyono
17,bahaya banget nih fufufafa
18,kalau prbw undang podcast pandji coba tanyain beliau tau fufufafa ngga
19,timbul rasa belas kasihan sama presiden pilih titip supaya jangan apa apain atas segala dosa di buat dosa dosa buat orang tua
20,pak dapet salam nilai bagus fufufafa
21,jadi hoax bukan kalau fufufafa gibran tidak usah muter jawab dulu ini
22,nilai 1110 cuma nyerang performa bacot fufufafa serang personal
23,kasi mending mundur lo
24,arti benar fufufafa milik gibran
25,lu fufufafa
26,malam minggu kaka boss fufufafa aneh paham lu
27,lagi
28,fufufafa jenis anak tokek arti bapak jenis biawak
29,monfufufafa dong mon
30,kek nya bagus bikin tagar
31,anak kecil kelah jejak digital fufufafa
32,sama chili pari milik si raka gnarly dengan akun kaskus nya fufufafa milik sama 02 guna diksi panasbung
33,lirik terlalu vulgar dok bahasa apa beda fufufafa kalau tiru anak kecil lirik konl didik
34,jejak digital se indonesia raya ulik fufufafa
35,bangfufufafa bang
36,jadi fufufafa kaesang
37,nah kalau gin gimana dong cari vendor jahit amanah dunia akherat cek bio ane sobs gibran rakabuming raka wakil presiden timnas day elkan bagot fufufafa
38,fufufafa kaskus jelas fufufafa platform belum dulu sempat pikir mau bikin nama fufufafa
39,fufufafa trending pornoporno ikut trending
40,selamat pagi fufufafa
41,apa fufufafa memang kalau beneran gibran kok kyk heboh sekali
42,fufufafa sang narkoboy
43,coba lah soal fufufafaraka gnarly diup igtik toksosmed yang sekira wowo bakal notice kalau perlu bikin format share an wa grup
44,selamat pagi fufufafa
45,tuhan tetap fufufafa menang cawapres 2024 cermin fufufafa
46,prabowo sudah ngambil wakil fufufafa aka raka gnarly bin mulyono sudah jelas2menghinadia tentara pecat berb1ji anak homoseksual dan masih ngirim menfess pake narasi so 2017ish kek gin haha sekarang paham kan mantan gub residivis lo ga
47,fufufafa lebih gimana gtu
48,lepas bingung gua memang seru sih ngikutin seru kaskus fufufafa wkwk
49,pdip buang n punggung kuasa masih tetap tampak sisi angkuh n ketdkpeduliannya usung cagub dki bukan warga jkt paling ingin sila tetapi kekeraskepalaanmu pdip rakyat tanda n selalu ingat fufufafa ormas
50,lebih bahaya tuh orang samping hina gila bilang homo bagai biadabfufufafa
51,pembngunan ikn nusantara bukan semata pindah fisik ibu kota kantor perintah bangun lokomotif baru transformasi indonesia bas inovasi bas teknologi dangreen economy kaka boss jepang purwokerto fufufafa
52,malam minggu fufufafa aneh tidur purwokerto haaland
53,asa saja nama guna fufufafa cukup umum random kalau memang rujuk satu orang bagai platform mungkin kecil
54,min majikan kamu hina bocil fufufafa
55,bangun ibu kota negara ikn nusantara rupa upaya perintah usung bangun ekonomi inklusif menyebarluaskan magnet tumbuh ekonomi baru kaka boss jepang purwokerto fufufafa
56,jangan pernah abai satu baik bahkan 1 jahat terus ingat orang rasa panjang hidup fufufafa jepang
57,selamat pagi fufufafa
58,om tangan getel nih ken ikut nempeleng biar tambah miring tuh kepala salam fufufafa pantai indah koplo
59,menhub budi karya sumadi kata bandara ikn nusantara hanya layan tamu penting very very important person vvip jg masyarakat umum dpt darat pesawat badan besar kaka boss jepang purwokerto fufufafa
60,pindah pusat perintah ikn kalimantan timur tak pindah lokasi perangkat jadi simbol lompat transformasi bangsa indonesa jadi lebih maju kaka boss jepang purwokerto fufufafa
61,fufufafa tai haha gambar pribadi banget emang
62,kira fufufafa kalau ketemu pak wowo malu ya
63,premis 1 fufufafa p klaim raka gnarly q premis 2 raka gnarly q lumayan bukti gibran r dapat tulis p q q r p r simpul fufufafa bukti gibran
64,2 badut berhala semalem saling jilat ramal klenik juga2030 indonesia bubar salam fufufafa pantai indah koplo
65,tum instan anak kok ngumpet adik dapat salam pak gass
66,ikn sbg ibu kota sesuai dgclimate change ubah iklim semua sarana prasarana bangun dalam tlh sesuai butuh cegah mungkin proses ubah iklim jadi kaka boss jepang purwokerto fufufafa
67,bandara lebih maksimal jumlah gera tambah jumlah gera tidak batas untuk penting vvip masyarakat umum bisa rasa bandara ikn kaka boss jepang purwokerto fufufafa
68,fufufafa kak
69,kalo begini buzzernya gimana counternya kalau buzzernya arti tau banget kalau memang fufufafa
70,andrew darwis diri kaskus ungkap alas sulit lacak identitas milik akun lawas fufufafa
71,pagipagi kaget trending apa fufufafarkgbrn
72,selamat pagi pak mulyono mas fufufafa moga modol seret
73,takut banget kalau beneran ni akun fufufafa cabul banget otak
74,pimpin cermin rakyat kalau fufufafa jadi pimpin arti mayoritas masyarakat kualitas sama spt fufufafa
75,barbar77 situs slot online menang paling brutal barbar77 rtpnya 99 akurat info jpnya barbar wdnya brutal mau jadi crazy rich brutal langsung daftar amp main barbar77
76,gue penasaran banget sama pertama kali nemu akun kaskus fufufafa kan sudah berapa tahun lalu ko saja nemu
77,kata bowo ramal banyak bener so 2030 negeri akan bubar salam fufufafa pantai indah koplo
78,percaya dah bentar lg berita ngabarin breaking news milik akun fufufafa hina presiden pilih tangkap isilop tinggal cari kambing hitam ajaaa
79,sosok gubernur jabar akan jadi gubernur dki dayeuh kolot rendam banjir hingga 2 bulan akan sulap jakarta utara rupa dubai keren kan fufufafa jepang
80,cari tambah cuan akhir bulan slot gacor deposit 10rb bisa untung langsung join malam minggu kaka boss tidur fufufafa aneh
81,kalo fufufafa apa y
82,fufufafa tugas mepet jokiwi solusi jokiwi selalu di deadline
83,kalau fufufafa sakit
84,fufufafa pecah
85,fufufafa diangetin biar babe tahu
86,akun fufufafa app kaskus tentu punya gibran kan
87,urus kaskus fufufafa sudah trending hari hari unik tdk media besar berani bahas investigasi sodorin bukti lumayan banyak angkat fokus pa wlaupun bahas fufufafa banyak
88,ijin pak cuit fufufafa kategori hate speech loohhhh juang green peace indonesia d penjara pak
89,wts wtb jual beli app premium murah full garansi iqiyi prime video vidio alight motion capcut canva picsanetflix youtube disney viu wetv t malem minggu weekend pagi fufufafa ritsuki kaskus diponegoro
90,trus janji ini pegimane
91,atiati pak prabs ama fufufafa
92,ngikutin jejak kakak maenan fufufafa pantai indah koplo
93,bukti kalau pinokio master mind dirty mind dirty hand semua gaduh republik inidan akan lanjut si gendut salam fufufafa pantai indah koplo
94,pak jangan dendam pak biarin si fufufafa hina bapak anak bapak sabar
95,fufufafa tuhh
96,tetap berhatihati terus doa
97,rkgbrnfufufafa lantik sudah rame gin bayang betapa berat pimpin beliau situasi politik 5 tahun depan sy sih harap prabs sadar wakil orang aneh perkara beres hehehe bibit2 pecah bapak mulai
98,moga fufufafa nyampe telinga prabowo mau bilang ngga percaya faker kalau dalem busuk gitu suka ngatain engga engga kelauan rl nya 1112 lambat laun lihat
99,baru tau web baca2 anjir wawas fufufafa luas bener dah hahaha
100,kelas rapimnas isi saling jilat jilat 2 badut berhala ramal klenik jugabowo hokkynya angka 8 iye 8000t tuh ntar digedeein utang bowo salam fufufafa pantai indah koplo
101,baru nya kak fufufafa join grup private gratis
102,tuhan jadi fufufafa pimpin arti lebih baik yang kalah
103,usut komen fufufafa bilang bain prabowo usut dibilanh dukung komen fufufafa aneh
104,tambah kalau ragu fufufafa bukan beler ada yang pernah panggil rak
105,sudah tau sejak lama soal fufufafa apa kait zuzuzaza
106,kalo gt fufufafa nih alter ego g wkwkkwkakakaa
107,fufufafa ajak min
108,oke gas oke gas fak yu fufufafa
109,pak prabowo be aware sama anak titip mulyono netizen simpan ss fufufafa walaupun postingan nya ada hapus
110,fufufafa hokyaaaaa
111,nyata cak ainun sini salah bang fufufafa cuma nick bukan email bagi benar lebi valid kalau dapet registered email yang cek make email sebut
112,gitu puja fufufafa buka aib ndiri nyinyirin opa kek narko ngantukan ipk gaje kuliner gagal tamiya action figures alfatihah buat bung hatta negarawan proklamator berkharisma
113,link slot gacor inbox4d malam minggu kaka boss tidur fufufafa aneh
114,ngebayangin fufufafa main roblox
115,fufufafa
116,arti fufufafa kenal sama adminnya
117,sejarah baru indonesia milik fufufafa wakil presiden tgl 20 oktober 2024 lantik presiden wakil presiden republik indonesia
118,sudah baca bro lihat situ saya ungkap alur gratis tdk logis spt skdr buat jakmania
119,fufufafa makin kena mental atut
120,arti kenal sama adminnya si fufufafa
121,hal fafifu wasweswos nyata difufufafakan cuek bebek
122,ingat fufufafa
123,selamat pagi jiwa2 rungkad fufufafa
124,akun fufufafa duga milik gibran trending x verifikasi laku data bantah klaim hoax bukti ideal klaim dukung data bukan sekadar tuduh
125,info status fufufafa dan
126,buruh monyet kata fufufafa
127,hemmm akun fufufafa curiga wakil presiden pilih dulu suka ngeboom wowo kata kata bijak nan sopan sampe anak2nya kaskus
128,kakak bina gimana jawab utama poin soal fufufafa tunggu instruksi
129,ngapain bang ikut ngomentarin fufufafa memang penting memang fufufafa siapa dah
130,sering adu komen sarkas tidak pernah nyerang kasar
131,lhah bener donk fufufafa kan bukti saja terlalu tolol bs ngerti
132,mana bukti keluarga mention fufufafa
133,ga penting orang bilang apa penting prabowo tau siapa fufufafa
134,banyak jejak fufufafa
135,fufufafa gimana kabar pak lebih nylekit loh pak
136,fufufafa parah wakil presiden pilih kalian
137,serius nanya siapa fufufafa tapi pak presiden pilih benerkah maaf
138,benar siapa lewat segitiga muda hilang misterius wasit yamal tidur malam minggu purwokerto haaland barca fufufafa
139,wts wtb jual beli app premium murah full garansi iqiyi prime video vidio alight motion capcut canva picsanetflix youtube disney viu wetv t malem minggu weekend pagi fufufafa ritsuki kaskus diponegoro
140,seru perkara bacain jejak digital fufufafa enih
141,malam minggu fufufafa tidur sanggup malam minggu aneh jane doe kaskus paham lu
142,kaskuser paham retired moderator kayak member biasa cuma badge yang beda previllagenya sama kek mod bisa delete thread fufufafa flamer tukang mancing2 ribut jadi wajar threadnya dihapuz thn 2015 bukan pas viral
143,sudah saat guna fafifuwaswesos ganti fufufafa lutju lebih pendek
144,benernya ngga fake2 ngga anonim2 jg krn harus inget awal2 create fufufafa ngasih info penting bisa track kl mmg gibran postingan dia bilang id akun lama id twitternya jadi ditanyain rad valid krn jg heran ttg itu
145,semangat arhan
146,fufufafa ngarepin kena stroke kan untung jadi siapa bunuh siapa duluan
147,ga jelas fufufafa maniak
148,angka 11 nilai kerja departemen tahan fufufafa serang personal
149,teguh x cici join group malam minggu coblos fufufafa purwokerto malam minggu
150,malam aneh minggu fufufafa
151,belum jadi konco sekarang gimane kagak berani lawan wowo ma fufufafa
152,ga sekali bikin rumah rakyat antariksa bulan biar nanggung spektakuler dunia terpana hanya geleng2 kepala gumam fufufafafafafufu
153,fufufafa tidur malam minggu
154,tidur fufufafa
155,saran mas jgn sampe prabowo tau ttg fufufafa takut nti tantrum ribet orang tua tantrum hati nti stelah jokowi langser akan dr koalisi sendiri coba caper prabowo kasus fufufafa dan kalau jadi orang pegang akun gebuk dulu
156,seru banget fufufafa rkgbrn seluruh shitpost nya wkwk
157,jadi ingat cerita temen dr temenya hilang jasad korbn cara cor ada proyek gorong2 area sda tidak pernah ungkap sampe skr
158,pernah bahas sama fufufafa soal detail jalan usaha mul
159,kaskus berani sekali anak mulyono saksi prabowo subianto sakit partai gerindra dpr republik indonesia pdip puan maharani koran tempo tvonenews liputan6 detikcom fufufafa asean bem the straits times voa indonesia
160,alkisah sahabat banteng amp kodok
161,hehehaha muncul senggakan fufufafa piye angsur aman dab
162,duh saja ngiang angka 11 padahal fufufafa lebih gila oceh
163,cocok banget gambar fufufafa
164,wahai anak abah kalian harap tenang meski anak banteng anak kodok amp anak lowo ada dukung abah kalian kalian tetep anak manusia kok
165,kirain otak nya kosong nyata ngga mau liat isi otak nya liat di kaskus fufufafa
166,mirip fufufafa kilas
167,dewa tunggu gorong2
168,tekan aparat musuh grounded bitch yeah fufu fafa manusia tak guna bitch yeah fufu fafa nyusahin orang negara orang memang tengil tengik kemarin kabar habis pakai di pik satu hisapan bikin asik aparat berani nungkik
169,kenal sama fufufafa pak
170,tekan aparat musuh grounded bitch yeah fufu fafa manusia tak guna bitch yeah fufu fafa nyusahin orang negara orang memang tengil tengik kemarin kabar habis pakai di pik satu hisapan bikin asik aparat berani nungkik
171,di qrt reply emosi sama mas ainun ya padahal simpul tweet fufufafa gibran kenape sih orangorang hahaha
172,ngapusisasi tutup ngapusisasi lai
173,nyala biru malam minggu tidur aneh fufufafa sanggup malam minggu purwokerto
174,saran akun fufufafa jg dong pak
175,mbak zee malam minggu tidur aneh fufufafa sanggup malam minggu purwokerto
176,tekan aparat musuh grounded bitch yeah fufu fafa manusia tak guna bitch yeah fufu fafa nyusahin orang negara orang memang tengil tengik kemarin kabar habis pakai di pik satu hisapan bikin asik aparat berani nungkik
177,njir ini fufufafa was wes wos
178,fufufafa anjeng bego
179,abnormal fufufafa
180,malam minggu tidur ready malam minggu sanggup fufufafa
181,takdir memang misterius skrg lewat tangan bapak fufufafa ada belah orang benci di masa lalu lama 5th full
182,can someone please explain me who tf is fufufafa singkat padat jelas
183,wah bayar wc umum teeminal sekarang jadi rp3 ribu yang 5 ribu cas hp warung rp 3 ribu listrik mahal kata fufufafa
184,10 1 berapa pak fufufafa
185,mulai skrg sebut jword sayaord as mulyono amp fufufafa rrraahhh
186,malam minggu malam minggu sanggup bangun tidur fufufafa konten pribadi ready
187,malam minggu fufufafa aneh tidur purwokerto haaland
188,mang serikat buat apa dan sampai diphk
189,mulyono amp fufufafa wkwkwkwk
190,kpk sekarang ibarat curut got fufufafa
191,fufufafa ajar bahwa semua orang akan rasa jg apa rasa ini semua jejak gelap digital tonton jelas bagai platform hingga semua orang tahu ini bukan tetang jejak digital tentang dosa ketika yaumul hisab
192,melek
193,perintah giat susun ruu ampas aset cegah korupsi lebih efektif kaka boss wasit fufufafa tidur mamat malam minggu
194,ruu ampas aset terus kerja kuat cegah korupsi kaka boss wasit fufufafa tidur mamat malam minggu
195,ohhh fufufafa suka semprot
196,komen fufufafa tahun 2013 zaman jokowi blm jadi presiden kalau akun fake ngaku apa untung ngaku sbg anak jokowi la jokowi zaman masih blm jadi presiden
197,percaya parpol asuuudahlahfufufafa
198,fufufafa siapa zuzuzaza bang
199,asyikkkk fufufafa dari mulyono
200,2 memang bener kalau ngelihat biasa main sosmed zaman sekarang bisa dia ngaku situ komen fufufafa tuh tahun 2013 tahun blm jadi biasa buat ngaku akun orang komen
201,bukan pegawai negri jabat
202,bowo naik gaji jabat biar korupsi
203,u i fufufafa ding ding wala wala ding ding ui fufufafa ding ding wala wala ding ding
204,bapak teriakin mulyono anak teriakin fufufafa kalau sempat
205,malam minggu malam minggu malam minggu fufufafa sanggup tidur mahasiswi kkn undip part 2 teguh x cici cindo viral link 1 link 2 i ve got the full 16 clips did u all saw video full jaden newman full koleksi
206,malam minggu malam minggu malam minggu fufufafa sanggup tidur mahasiswi kkn undip part 2 teguh x cici cindo viral link 1 link 2 i ve got the full 16 clips did u all saw video full jaden newman full koleksi
207,malam minggu malam minggu malam minggu fufufafa sanggup tidur mahasiswi kkn undip part 2 teguh x cici cindo viral link 1 link 2 i ve got the full 16 clips did u all saw video full jaden newman full koleksi
208,info fufufafa ngab
209,alhamdulilah celaka mereka btw harus pemda tempat bangun sirkuit lumayan kan sewa kalau bandel biarin
210,gin emng bener satu bukti fufufafa akun gibran adalah komen akun fufufafa sendiri bilang kalau akun twitternya bukti cukup kuat krn situ konteks bukan ngaku lagi kenal kaskus tahun 2013gtlanjut
211,modal copas template mah dibayarin 5000 per copas kali
212,lawan panggil kpk langsung ciut langsung besok dukung bowo
213,mirip apaa nya avatar
214,kalau kominfo mau blok x arti tu semua akun fufufafa fix punya
215,inti cuma scanning media ada username fufufafa ngga
216,kayak banyak salah faham kalau data sini bukan fix 100 rujuk fufufafa original hanya dar sama kasus seperti username right
217,yassalam daftar masuk jadi bawah fufufafa
218,saja nih fufufafa
219,rok span plisket cantik nih guys wajib punya
220,konsultan politik lg sibuk pilih sabun buat cebokin fufufafa
221,awal september buka kata ajaib fufufafa
222,knp cowok mirip fufufafa
223,ready malam minggu sanggup tidur fufufafa malam minggu malam minggu pagi
224,kata this recognition was based on reports from jokowis staff arti gantung lapor staff abu fufufafa fao kena bagai kait tani pangan aman pangan indonesia
225,lucu2 nih boneka mau nang masa cuma 15rebu gara2 toko nya cuci gudang
226,semangat gen padahal tinggal ngaku sih akun fufufafarkgbrnraka gnarly bikin siapa tunggu klasifikasi puncak klasmen
227,udah tau anying 11100 mah sekarang mah waktu selam akun kaskus fufufafa ndut
228,isi hati sebenernya politikus media jaim saling peluk
229,provinsi belakang hihi
230,gak bakal serame kemaren kintil yang serang kubu tentu yang gabung dan bokev masalah preferensi
231,kumpul jejak digital gibran rupa proyek tarik nama guna raka gnarly fufufafa
232,fufufafa aduhhh kosong kosong
233,siapa mau freebet yuk yuk bio link nya tags thank you haechan malam minggu aneh tidur ilyy happy birthday my love fufufafa
234,mau msbreewc teguh sawandi 25 foto rare12 vid total 3 jam fufufafa wasit malam minggu malam minggu ngotot aneh september purwokerto yeji partai ubah indonesia tidur ilyy kaskus azizah sanggup kkn undip viral join grup percaya
235,asupan malam minggu bareng ayang tele malam minggu tidur fufufafa kaskus doodstream anime manga netflix
236,jinxprofufufafa186
237,masa takut sama jendral tni bintang 4 jangan ngebenturin polisi tni please
238,alhamdulilah
239,ayo tim cyber cari tau siapa akun fufufafa dia dulu cela cela presiden pilih sekarang tau
240,unich airdrop solana dont skip buka website signup gmail verify masuk kode ico5hh 50 fd point kerja task social mining klik 24 jam rajin amp good luck mamat sayang fufufafa full 16 clips
241,btw komentar kaskus ngebug kalau lihat situ cek detail thread 11 nah komentar samsul bawah sertifikat buruh provokator yang nyet nyet orang yang reply
242,say it wit me mulyono raka gnarly fufu fafa erina bau ketek again mulyono raka gnarly fufu fafa erina bau ketek again
243,lebih baik boneka mulyono
244,post reply luffy88 thn 2019 bukti sudah tahu lama fufufafa gibran jg samar2 ingat dulu pernah naik topik nya fakta tahu biar hapus segala kuasa bapak nya arti gk masalah prabowo
245,netral lihat 22 nya
246,mohon izin pak hati hati pak kalau kasi sikap taubat mawon fufufafa
247,kek disembunyiin mahluk halus
248,trend maksud apa
249,begitu ekspos pak lurah baru gubernur dki memang ekspos
250,jelas tanpa aku elu tau dulu cara kerja osint industries mungkin besar aqwam gunain username terus isi fufufafa buat nyari sama nama fufufafa generik banget gua pasti kalau akun2 kaskus bukan akun
251,suka bapak demo buruh empati ada usaha kan sukses sebentar bapake presiden jadi tidak tau suka duka nyari kerja
252,bela mulyono tanpanjadi buzzernya sudah aneh sampe jadi buzzernya sembah sekali mulyono anjng prabski apa kabar ngab tantrummya berapa lama nih gara2 fufufafa
253,sakaw tuh fufufafa
254,malam minggu bahan tidur nih fufufafa kaskus
255,mah bempermalingnya di rumah fufufafanyedotin wc
256,ganti username itu lihat tanggal joinnya
257,yg rambut gin fufufafa kaya kalau wakil presiden mungkin beda konspirasi
258,ga bahas fufufafa siapa anjir memang rata2 orang indo kl bikin akun usn nya sama semua kyk akun game di game apa pake nama kyk akun ml gue
259,goyang semua fufufafa malam minggu purwokerto wasit
260,jyahlebay dah dasar alay luh fufufafa bin raja boong
261,twit awal tahun 2025 ruang kelas sd sma ruang rapat kantor plat merah toko jual poster amp pigura pinggir jalan raya aku lihat ndut amp fufufafa
262,buset fufufafa isu narkoboy main nganu
263,jgn maen2 sama barang kata bahlil anak raja jawa ituusi fufufafa nama
264,to be fair fufufafa could by anyone sih kalau udh web
265,partai basmi fufufafa
266,bukan wkwkwk fufufafa raka gnarly akun beneran kaskus cuma akun ini akun twitter buat lucu lucu pakai kombinasi username samar identitas ane sering julid
267,gara gara fufufafa jadi banyak tau website gapernah tau belum
268,mending cek akun kaskus fufufafa jadi wakil u pak mikirin angka 11
269,unironically yes saya cek akun fufufafa tiga situs list disqus stackoverflow amp vk jelas2 milik 3 orang beda kalau gibran nyata fasih bahasa portugis brazil pernah tinggal central ukraine ajar python amp gemar yaoi
270,ibu fufufafa memaki2 samsul
271,seru banget mantengin fufufafa
272,keren ni lagufufufafa fufufafa pala loe pea
273,fufufafa aneh gaming
274,fufufafalagi rameya
275,berapa banyak orang kerja keras jaga rahasia ttg fufufafa ke pprabowo nyari moment tepat ngasih tau ngga kacau smua acara smp lantik
276,lumpur isi minyak bisa kasih kursi komisar direktur menteri jilat dikit
277,kalo mau grooming kilat anak buat jadi wakil presiden minimal screening profil digital dulu lah bukan salah fufufafa tolol salah mulyono paksa jabat anak tolol
278,anak soleh baik hati yang ipk nya tinggi tembus langit apa kabar fufufafa
279,kamar mandi kasih minyak gitu maksud agar kepleset
280,bukan gitu maksud kalau gibran langsung ngehajar pakai uu cara langsung iya kalau fufufafa dia
281,goblok bener fufufafa
282,fufufafa ngotot
283,btw demokarat sby ahai dikatain kebo tuh pak sby nya sama nih samsul
284,minta dapat bang gen nama fufufafa bagus buat akun medsos
285,lah malah diomongin fufufafa
286,yang katain anak papi mami sekarang sahabat sama
287,fufufafa bang lg viral
288,bukan mau bela samsul komodo lama login viralnya baru baru si fufufafa jadi arti thread sudah hapus lama bikin gaduh member kaskus situ
289,tipe simpatisan suka elite parpol parpolnya konsisten mencla mencle ente dukung
290,sanggup malam minggu fufufafa aneh ayoo join sini jamin akun baru jepe banyak kejut nanti
291,makin percaya kalau jangan jangan buzzer karena ide anakanaknya mulyono bahkan ketua mereka sendiri baca konten fufufafa
292,buzzer mulyono fufufafa hrsnya tdk perlu panik sesuai hasil pilpres akan dukung partai anies kan cuma 1718 coba lihat mulyono dlm upaya sbg raja jawa ndeso
293,kuylah mau gua jokiin olah data statistik uji validitas ampreliabilitas uji asumsi monggo no wa 0895639940007 tanya harga gassss sampek deal
294,hari hari kesel sama fufufafa
295,fufufafa bingung akun kaskusnya trendingdasar jamet
296,moga prabowo ngejadiin fufufafa kartu mati
297,most likelyfufufafa
298,fufufafa apa sih
299,yaa bayang dong isi otak fufufafa kalau keti kyk gitu
300,kita sambut wakil presiden republik indonesia 20242029 raka fufufafa gnarly
301,tidur gen simpen energi buat fufufafa kalau bikin blunder
302,efek hilang kena barang bagus fufufafa fufufafa
303,gak usah muter muter bilang argumen nyata fufufafa bukan samsul twitter chili catering sinkron dentan fufufafa main god of war bilang akun raka gnarly lupa password btw ane cuma punya akun twitter tidak yang mau lepas stres
304,fufufafa samsul kiyep babynepo
305,panggil fufufafa sekarang
306,aneh kaskus fufufafa sanggup
307,saran buat fufufafa latih sikap tobat
308,panggil fufufafa sekarang
309,tidur malam minggu awal calon presiden prabowo sama gibran tebak prabowo untuk batu loncat 23 tahun prabowo jabat presiden nanti terus sama gibran indonesia pimpin sama keluarga jokowi fufufafa
310,prabowo unggah foto nostalgia titiek momen baik mas fufufafa comment cerai anak homo
311,kok nyaut yah emang akun fufufafa punya nya gibran
312,punya wakil presiden nama fufufafa allah lindung negeri dari segala marabahaya aamiin
313,lamun huwus kalah partai ring biru ring kuning ring putih ring hijau ring merah isun amukti fufufafa peace
314,udah gabung plus plus di satu sisi mau tarik simpati rakyat gin loh rakyat kritis illfill koalisi plus plus illfill kalau cuma dpet 1 istri jangan ngejar 2 istri 22 dapat bukan fans pks cuma sedih diobok obok
315,fufufafa stress brat masih sempet ngakses semprot
316,fufufafa yuk beli netflix satset sini
317,udah susah baik kata rakyat keluar plus plus percuma sudah tutup pilkadanya
318,skrg pangil fufufafa aja
319,fufufafamulutkayak bocah sd
320,coba tanya fufufafa
321,tadi sore liat trend tarik tulis fufufafa pas buka nyata lancar sekali
322,ente bayar upa buat bela kalau bilang hoaks ada argument ban tuduh hoaks jadi buzzer smart biar bayar 8000 doang
323,kmrin arhan zize trs putus mahkamah konstitusi skrg fufufafa
324,mudah mudah beliau pernah karya terus sebar
325,apa sih fufufafa kok jadi trending pura2 tau
326,fufuspotted apa fufufafa
327,udahan bahas politik datang fufufafa
328,mulyono sang fufufafa tahu identitas asli harus gibran ganti berita tarik kaesang naik jet pribadi gratis
329,okok indon memang ngeselin enggak semua sih mayoritas iya pantes indon majumaju okok tidak mampu paham kalau puntung rokok harus buang tempat sampah bukan buang sembarang masalah klasik kasus cerdas
330,terus 0 post maksud apa suhu
331,ayo dukung partai ubah indonesia for anies 2029 fufufafa layak borgol
332,oalah pantesan penyefong fufufafa
333,fufufafa ngaku gibran jauh chilli jadi mungkin gk cuma klaim doang
334,susah bokev urus personal ngatain rakyat miskin buruh monyet panasbung fpi 212 hanya gelintir ada kuat kasih bansos diem
335,bapake fufufafa
336,makin creepy dark weeb jangan jangan
337,keep positif ya ngapain situs buat bisnis kalau dakwah oke barangkali tobat
338,medsos belah posting gin buat kamu rasa malu masih jadi beban keluarga jangan minder masih kok 1 keluarga yang jadi beban negara pernah ngerasa malu sudah gitu sekarang pula isu fufufafa masih tidak tau malu tidak
339,fufufafa siapa nihpura2 tau
340,lalu kok 0
341,jadi hapus semua makanya bangun 5 online wkwkwk
342,km ikut sebel jg gas kak nama fufufu bagus2 lucu malah muncul spesies alien namain fufufafa kek mana gada akhlak makin sebel
343,uang cari sukses datang pergi integritas harga mati fufufafa
344,udah hilang akun dihpus entah sendiri admin kaskus
345,baca pusing bilang fufufafa bukan gibran klaim raka gnarly raka gnarly rkgbrn amp chillipari lumayan bukti gibran maksud piye pak intine kui kabeh akune gibran
346,rok lucu viral nih fufufafa malam minggu mimpi indah sekali lagi eh aneh
347,jejak digital mah ngga apaapanya bangdibanding fufufafa kurang cadas ceunah
348,emang kalau bukan gus bisa jadi petinggi ansor fiodal balut agama kes mulia
349,akun kaskus duga milik gibran rakabuming tengah trending x pernah mention kaesang pangarep hingga sindir prabowo kkn undip coblos reza artamevia fufufafa ritsuki pagi kaskus nyetrika malam minggu malam minggu
350,orangorang apabila terima takar orang minta cukup apabila mereka takar timbang orang mereka kurang qs almutaffifin ayat 2 3 fufufafa kaskus malam minggu kaka boss
351,demikian cuma provokasi lai waga nu taman2 siap pasang badan lindung
352,tp kan semua fufufafa blm yak kl bukan dia ya gpp semangat mungkin memang bom tau kalau dia jg gpp lah bangg kan cocok cermin negara open source
353,plis siarin biar wowo denger fenomena fufufafa hahahah
354,keren fufufafa pernah stackoverflow kira kira nyari apa
355,ak jg tdk sedia pena sini lama gimana masa bikin kaskus sperti fufufafa
356,waspada mitigasi bencana isu megathrust mungkin benar ada malam minggu cuma lihat berita fufufafa mending sekali cari info soal gempa bumi mungkin serta tsunami moga aman kendali aminn
357,akun media sosial teguh suwandi collab msbreewc hotel bikin penasaran memang cuma 7 menit kkn undip coblos reza artamevia fufufafa ritsuki pagi kaskus nyetrika diponegoro shella malam minggu malam minggu
358,celaka orangorang curang takar timbang qs almutaffifin ayat 1 fufufafa kaskus malam minggu kaka boss sekalilagi paham lu
359,akun media sosial teguh suwandi collab msbreewc hotel bikin penasaran memang cuma 7 menit kkn undip coblos reza artamevia fufufafa ritsuki pagi kaskus nyetrika diponegoro shella malam minggu
360,kasi pak prabowo dukung sianies tikung baek sama fufufafa pernah dikatain hidup memang pernah mulus buat orang tulus
361,door step wartawan bapak tau siapa akun fufufafa pak mulyono
362,link video syur kkn undip banyak buru warganet memang bener mahasiswa semarang ikut akun sebar x kkn undip coblos reza artamevia fufufafa ritsuki pagi kaskus nyetrika diponegoro shella sanggup aneh malam minggu
363,fufufafa bangetttt aku takut
364,operasi idf instan delete fufufafa
365,fufufafa wah wah wah hebat netijen indonesia yah lebih pasu senopati bimasena hahahahahahhahahahahahhahahahahahahahaha
366,gimana laporin ini akun fufufafa polisi mosok presiden pilih dihina2 gitu sih sih terima kena uu ite
367,tau gimana n sapa korban cocotannya tau publik skrg simpati siapa tiati ajaaah sisa ruang buat curiga yah saking trust issuenya neh netijen roasting fufufafa bebas tnpa disuspend bikin i curiga apa giat dukung n sponsor
368,tiati geees model menangin hati publik lewat simpati tu sering hasil yah jkw dulu baur ama rakyat mau turun lapang dpt simpati rakyat menang 02 ama 01 debat 01 rada garang publik jadi simpati ama 02 02 disayang2 skrg fufufafa
369,link video collab teguh suwandi msbreewc hotel viral nyata bukan cuma 7 menit mulai mobil hingga tempat makan kkn undip coblos reza artamevia fufufafa ritsuki pagi kaskus nyetrika diponegoro shella malam minggu
370,fufufafa panggil marsel fufufafa panggil marsel panggil darurat
371,fufufafa idola
372,profil biodata youtuber teguh suwandi viral usai collab msbreewc salah satu hotel singapura kkn undip coblos reza artamevia fufufafa ritsuki pagi kaskus nyetrika diponegoro shella malam minggu
374,jejak digital memang kejam w raka gnarly amp fufufafa lengkap
375,fufufafa kata mau asing ikn kan
376,baca yang sama sih fufufafa jelas nyebutin id utama username twitternya bisabisanya purapura buta anak mulyono satu
377,fufufafa bisa tidur malam
378,entah kode padahal banyak nyadarin tau kalau prabowo gelisah manuver mulyono masih pake bahasa jilat kayak gin kok gk nanyain cubit ingat darurat pak ato cubit fufufafa
379,sekarang jadi fufufafa
380,twitter tau fufufafa
381,mau nyari vokev undip kek
382,lagi fufufafa
383,daya pikat ikn mata investor asing malam minggu fufufafa aneh malam minggu wasit kaskus purwokerto partai ubah indonesia
384,tolak money politik jumlah ormas pemuda layar desak deklarasi malam minggu fufufafa
385,gak abis abis ngetawain display name fufufafa
386,takdir tuhan rakyat pinter milu
387,kalau hina mulyono fufufafa bakal kena ite sih
388,fufufafa partai ubah indonesia rokok tinsayae alat indomaret purwokerto coblos kaskus huehuehue
389,malam minggu malam minggu sanggup ready fufufafa
390,kalau fufufafa
391,bom tau keti fufufafa purapura tau wkwk
392,btw bukan bain samsul semprot ganti username gampang ya
393,fufufafa min wkwkw
394,padahal botak dukung fanatik oke gas illfill banget loh sama jujur janggar bilang wong suka kok nanya janggar meski janggar bilang kalau istri usah nonton gituan
395,rak dinding toilet estetik aneh paham agustus lawan hoaks fufufafa ilyy kaskus
396,malam minggu indomaret fufufafa coblos kaka bos wasit malam minggu rumah coba belah dada gua kaskus purwokerto
397,tantruman mana prabowo sama cuit fufufafa nilai 11 tarik tunggu
398,cerah malam minggu fufufafa
399,fufufafa partai ubah indonesia rokok tinsayae alat indomaret purwokerto huehuehue
400,potret ananta dwi rajasa kakak bina alias chilli pari alias rkgbrn alias fufufafa alias gibran perintah diri utk sebar hoax
401,sehat selalu kabinet indonesia maju malam minggu fufufafa aneh wasit partai ubah indonesia sanggup kaskus ngotot
402,waduh diiket pohon fufufafa
403,nestapa gaza warga palestina diri shalat jumat sisi masjid hanya sisa menara malam minggu indomaret fufufafa coblos kaka bos wasit malam minggu rumah coba belah dada gua kaskus purwokerto
404,komentar seperti teman anak buah kerja tahun 2019 jangan cebokin anak mulyono woiii fufufafa akun gibran hey ingat manusia boleh hidup lama dunia tetapi anda jangan lupa mati paham kau manusia
405,malem ngetawain fufufafa ngalter nya brutal wkwkwk
406,oke fix bukan narkoboy gaes lebih suka begadang buat ginian
407,listrik pln aman malam minggu fufufafa aneh wasit partai ubah indonesia sanggup kaskus ngotot
408,apa sih gajelas pake usn fufufafa kaskus aneh
409,shah aku asli milik akun fufufafa hj
410,kata muncul viral nya napak tilas fufufafa kaskus ini upaya bersih karna muncul nya jejak fufufafa awal dri statment doi tntang jngn mnjelekan pimpin
411,bener oneliner mantap gan cendil gan pertamax ganggu tpi fufufafa dh legen jadi gada mau bejek2 minimal opini saran apa kek biar dbejek2
412,indonesia emas malam minggu fufufafa aneh wasit partai ubah indonesia sanggup kaskus ngotot
413,biar kena uu ite sebut fufufafa
414,keren tni au malam minggu fufufafa aneh wasit partai ubah indonesia sanggup kaskus ngotot
415,bini cakep badan bagus anak ada jamin skip dunia perbokevan
416,pimpin hebat malam minggu fufufafa aneh wasit partai ubah indonesia sanggup kaskus ngotot
417,salam hormat izin tanya bapak tahu fufufafa
418,penting pakai akun anonim hatespeech
419,kl beneran punya fufufafa lucu bgt
420,cetak sejarah baru malam minggu fufufafa aneh wasit partai ubah indonesia sanggup kaskus ngotot
421,siappp kapan mulai bahas fufufafa bro
422,pindah asn ikn mundur oktober malam minggu fufufafa aneh wasit partai ubah indonesia sanggup kaskus ngotot
423,sebenernya saja pks jakarta out dukung rk usung anies maju mahkamah konstitusi uu revisi selesai dengar pilih setia apa sandera kursi menteri buat elit atas atas kalian lupa pilih kalian
424,apa mungkin fufufafa ngaku sbg rkgbrn semua orang saja kan ngaku
