,Unnamed: 0,full_text,tweet_english
0,0,fufufafa aneh malam minggu purwokerto kaskus,fufufafa strange saturday night purwokerto kaskus
1,1,dukung 02 akun fufufafa memang cocok banget sama gibran pas ku lamin,support 02 fufufafa account really suits Gibran when I laminate
2,2,wasit fufufafa purwokerto kaskus malam minggu,referee fufufafa purwokerto kaskus saturday night
3,3,fufufafa bukan fafafufu,fufufafa not fafafufu
4,4,fufufafa partai ubah indonesia malam minggu purwokerto,fufufafa party change indonesia saturday night purwokerto
5,5,kalau pernah ngaskus tau jelas apalagi main subforum sama 1 mana tau akun raka gnarly bisa log in lupa password 2 kalau cuma klaim akun asli muncul fufufafa habis 3 buat apa ngeklaim raka gnarly,"If you've ever discussed it, you know clearly, especially if you play the same subforum. 1. How do you know if the Raka Gnarly account can log in? Forgot the password? 2 If you just claim the original account, fufufafa appears, it's finished. 3 Why claim Raka Gnarly?"
6,6,fufufafa purwokerto wasit kaskus sanggup,fufufafa purwokerto referee kaskus is capable
7,7,moga besok mayor teddy sigap lindung pak praroro dr fufufafa,Hopefully tomorrow Mayor Teddy will be alert to protect Mr Praroro from Fufufafa
8,8,malam minggu fufufafa purwokerto malam minggu,fufufafa purwokerto saturday night fufufafa purwokerto saturday night
9,9,gak terdebunk jg kalau fufufafa bukan gibran jadi it is what it is,"It's not denied that Fufufafa is not Gibran, so it is what it is"
10,10,malam minggu fufufafa purwokerto malam minggu,fufufafa purwokerto saturday night fufufafa purwokerto saturday night
11,11,perintah komitmen selenggara pilkada 2024 sesuai konstitusi kait ada putus mahkamah konstitusi mahkamah konstitusi kena laksana pilkada serentak 2024 kaka boss jepang purwokerto fufufafa,"the order of commitment to hold the 2024 regional elections according to the constitution, there is a decision by the constitutional court, the constitutional court is affected by the simultaneous 2024 regional elections, brother, the Japanese boss, Purwokerto, fufufafa"
12,12,kata2 bijag hari makin tua makin sampah,wise words the older you get the more trashy you become
13,13,pindah ikn bukan dar pindah ibu kota perintah jadi bagi upaya besar indonesia laku transformasi ekonomi indonesia perata bangun kaka boss jepang purwokerto fufufafa,move icon not from move capital city order so for big effort indonesia do economic transformation indonesia flatten build boss brother japan purwokerto fufufafa
14,14,fufufafa ghost account gibran rkb nyata nyata,fufufafa ghost account gibran rkb real real
15,15,tatap mata kosong mulut banyak bicara orang tlol mcam fufufafa,"empty eyes, talkative mouth, stupid people like fufufafa"
16,16,angka 11 kritik kerja biasa apa komentar kalau orang komentar sangat sampah ras terang personal komentar yakin dari gen bapak mulyono,number 11 criticism of ordinary work what comments if people comment very rubbish race bright personal comments sure from gene Bapak Mulyono
17,17,bahaya banget nih fufufafa,This is really dangerous fufufafa
18,18,kalau prbw undang podcast pandji coba tanyain beliau tau fufufafa ngga,"If PRBW invites Podcast Pandji, try asking him whether he knows Fufufafa or not"
19,19,timbul rasa belas kasihan sama presiden pilih titip supaya jangan apa apain atas segala dosa di buat dosa dosa buat orang tua,"there is a feeling of pity for the president, choose to entrust him so that nothing happens to him for all the sins he has committed, sins for his parents"
20,20,pak dapet salam nilai bagus fufufafa,"Sir, I got a good grade, fufufafa"
21,21,jadi hoax bukan kalau fufufafa gibran tidak usah muter jawab dulu ini,"So it's a hoax, isn't it? Fufufafa Gibran doesn't need to go around answering this first"
22,22,nilai 1110 cuma nyerang performa bacot fufufafa serang personal,value 1110 just attack performance bacot fufufafa attack personal
23,23,kasi mending mundur lo,you better step back
24,24,arti benar fufufafa milik gibran,the true meaning of fufufafa belongs to gibran
25,25,lu fufufafa,you fufufafa
26,26,malam minggu kaka boss fufufafa aneh paham lu,Saturday night bro boss fufufafa strange you understand
27,27,lagi,Again
28,28,fufufafa jenis anak tokek arti bapak jenis biawak,fufufafa type of gecko child meaning father type of monitor lizard
29,29,monfufufafa dong mon,please come on mon
30,30,kek nya bagus bikin tagar,it looks good for making hashtags
31,31,anak kecil kelah jejak digital fufufafa,small children have digital footprints fufufafa
32,32,sama chili pari milik si raka gnarly dengan akun kaskus nya fufufafa milik sama 02 guna diksi panasbung,same as chili pari owned by Raka Gnarly with his Kaskus account fufufafa owned by 02 using the term panasbung
33,33,lirik terlalu vulgar dok bahasa apa beda fufufafa kalau tiru anak kecil lirik konl didik,"the lyrics are too vulgar, doc, what language is different fufufafa if you imitate small children, the lyrics are educational"
34,34,jejak digital se indonesia raya ulik fufufafa,digital footprint of the whole of Indonesia ulik fufufafa
35,35,bangfufufafa bang,bangfufufafa bang
36,36,jadi fufufafa kaesang,so fufufafa kaesang
37,37,nah kalau gin gimana dong cari vendor jahit amanah dunia akherat cek bio ane sobs gibran rakabuming raka wakil presiden timnas day elkan bagot fufufafa,"So, how about you find a trusted sewing vendor in the world hereafter? Check my bio, friends, Gibran Rakabuming Raka, Vice President of the National Team, Day Elkan Bagot Fufufafa"
38,38,fufufafa kaskus jelas fufufafa platform belum dulu sempat pikir mau bikin nama fufufafa,fufufafa kaskus clearly fufufafa platform has never thought about making a name fufufafa
39,39,fufufafa trending pornoporno ikut trending,fufufafa trending pornoporno join trending
40,40,selamat pagi fufufafa,good morning fufufafa
41,41,apa fufufafa memang kalau beneran gibran kok kyk heboh sekali,what fufufafa if it's really Gibran why is there such a fuss
42,42,fufufafa sang narkoboy,fufufafa the drug boy
43,43,coba lah soal fufufafaraka gnarly diup igtik toksosmed yang sekira wowo bakal notice kalau perlu bikin format share an wa grup,try the question of fufufafaraka gnarly uploaded on igtik toksosmed which is about wowo will notice if necessary to make a format to share in a wa group
44,44,selamat pagi fufufafa,good morning fufufafa
45,45,tuhan tetap fufufafa menang cawapres 2024 cermin fufufafa,God still fufufafa wins vice presidential candidate 2024 mirror fufufafa
46,46,prabowo sudah ngambil wakil fufufafa aka raka gnarly bin mulyono sudah jelas2menghinadia tentara pecat berb1ji anak homoseksual dan masih ngirim menfess pake narasi so 2017ish kek gin haha sekarang paham kan mantan gub residivis lo ga,"Prabowo has already taken a deputy fufufafa aka raka gnarly bin mulyono who has clearly insulted the army, fired him with homosexual children and still sent a message using the narrative so 2017ish like gin haha ​​now you understand, you're a former recidivist governor, right?"
47,47,fufufafa lebih gimana gtu,fufufafa more like that
48,48,lepas bingung gua memang seru sih ngikutin seru kaskus fufufafa wkwk,"No matter how confused I am, it's really fun to follow the fun of Kaskus Fufufafa hahaha"
49,49,pdip buang n punggung kuasa masih tetap tampak sisi angkuh n ketdkpeduliannya usung cagub dki bukan warga jkt paling ingin sila tetapi kekeraskepalaanmu pdip rakyat tanda n selalu ingat fufufafa ormas,"pdip throws away and the back of power still shows its arrogant side and its indifference in carrying the gubernatorial candidate for dki, not the people of jakarta who want the most, but your stubbornness pdip the people are a sign and always remember fufufafa mass organizations"
50,50,lebih bahaya tuh orang samping hina gila bilang homo bagai biadabfufufafa,"What's more dangerous is that someone on the side of a despicable crazy person says he's gay like a savage, fufufafa"
51,51,pembngunan ikn nusantara bukan semata pindah fisik ibu kota kantor perintah bangun lokomotif baru transformasi indonesia bas inovasi bas teknologi dangreen economy kaka boss jepang purwokerto fufufafa,"development of the Indonesian icon is not just about physically moving the capital city, command office, building a new locomotive, transformation of Indonesia, innovation bus, technology bus and green economy, brother, boss, Japan, Purwokerto, fufufafa"
52,52,malam minggu fufufafa aneh tidur purwokerto haaland,Saturday night fufufafa strange sleep purwokerto haaland
53,53,asa saja nama guna fufufafa cukup umum random kalau memang rujuk satu orang bagai platform mungkin kecil,just hope the name fufufafa is quite common random if it refers to one person as a platform maybe small
54,54,min majikan kamu hina bocil fufufafa,"Min, your employer is a despicable little bastard, fufufafa"
55,55,bangun ibu kota negara ikn nusantara rupa upaya perintah usung bangun ekonomi inklusif menyebarluaskan magnet tumbuh ekonomi baru kaka boss jepang purwokerto fufufafa,"build the nation's capital city, the Indonesian archipelago's icon, the form of the command's efforts to build an inclusive economy, spread the new economic growth magnet, brother, Japanese boss, Purwokerto, fufufafa"
56,56,jangan pernah abai satu baik bahkan 1 jahat terus ingat orang rasa panjang hidup fufufafa jepang,never ignore one good even 1 bad always remember people feel long life fufufafa japan
57,57,selamat pagi fufufafa,good morning fufufafa
58,58,om tangan getel nih ken ikut nempeleng biar tambah miring tuh kepala salam fufufafa pantai indah koplo,"Omg, you have such strong hands, why don't you stick to them so your head tilts even more? Greetings, Fufufafa, Koplo's beautiful beach."
59,59,menhub budi karya sumadi kata bandara ikn nusantara hanya layan tamu penting very very important person vvip jg masyarakat umum dpt darat pesawat badan besar kaka boss jepang purwokerto fufufafa,"Minister of Transportation Budi Karya Sumadi said that IKN Nusantara Airport only serves very very important guests, VVIP, and the general public can also land large-bodied aircraft, Japanese boss, Purwokerto, fufufafa"
60,60,pindah pusat perintah ikn kalimantan timur tak pindah lokasi perangkat jadi simbol lompat transformasi bangsa indonesa jadi lebih maju kaka boss jepang purwokerto fufufafa,"moving the IKN command center to East Kalimantan, not moving the location of the device, becoming a symbol of the leap of transformation of the Indonesian nation to become more advanced, Kaka, Japanese boss Purwokerto fufufafa"
61,61,fufufafa tai haha gambar pribadi banget emang,fufufafa shit haha ​​really personal picture
62,62,kira fufufafa kalau ketemu pak wowo malu ya,I think fufufafa if I meet Mr Wowo I'll be embarrassed huh
63,63,premis 1 fufufafa p klaim raka gnarly q premis 2 raka gnarly q lumayan bukti gibran r dapat tulis p q q r p r simpul fufufafa bukti gibran,premise 1 fufufafa p raka gnarly q claim premise 2 raka gnarly q quite good evidence gibran r can write p q q r p r knot fufufafa evidence gibran
64,64,2 badut berhala semalem saling jilat ramal klenik juga2030 indonesia bubar salam fufufafa pantai indah koplo,"2 idol clowns licked each other last night, mystical predictions also 2030 Indonesia will disband, greetings fufufafa beautiful beach koplo"
65,65,tum instan anak kok ngumpet adik dapat salam pak gass,Tum instant child why are you hiding little brother get greetings from Mr. Gass
66,66,ikn sbg ibu kota sesuai dgclimate change ubah iklim semua sarana prasarana bangun dalam tlh sesuai butuh cegah mungkin proses ubah iklim jadi kaka boss jepang purwokerto fufufafa,"IKN as the capital city according to climate change, change the climate, all infrastructure is built in accordance with what is needed to prevent the process of climate change, so the boss of Japan, Purwokerto, fufufafa"
67,67,bandara lebih maksimal jumlah gera tambah jumlah gera tidak batas untuk penting vvip masyarakat umum bisa rasa bandara ikn kaka boss jepang purwokerto fufufafa,airport more maximum number of outlets increase the number of outlets unlimited for important vvip general public can feel the airport icon brother boss japan purwokerto fufufafa
68,68,fufufafa kak,fufufafa sis
69,69,kalo begini buzzernya gimana counternya kalau buzzernya arti tau banget kalau memang fufufafa,"If this is the case, how do you counter the buzzer if the buzzer really knows that it is indeed fufufafa"
70,70,andrew darwis diri kaskus ungkap alas sulit lacak identitas milik akun lawas fufufafa,andrew darwis himself on kaskus reveals the reason why it is difficult to track the identity of the old fufufafa account
71,71,pagipagi kaget trending apa fufufafarkgbrn,"In the morning I was surprised what was trending, fufufafarkgbrn"
72,72,selamat pagi pak mulyono mas fufufafa moga modol seret,good morning mr mulyono mas fufufafa hopefully the modol will be smooth
73,73,takut banget kalau beneran ni akun fufufafa cabul banget otak,I'm really scared that this fufufafa account is really brain-obscene
74,74,pimpin cermin rakyat kalau fufufafa jadi pimpin arti mayoritas masyarakat kualitas sama spt fufufafa,"Leading the mirror of the people, if Fufufafa is the leader, it means that the majority of the people have the same quality as Fufufafa"
75,75,barbar77 situs slot online menang paling brutal barbar77 rtpnya 99 akurat info jpnya barbar wdnya brutal mau jadi crazy rich brutal langsung daftar amp main barbar77,barbar77 the most brutal winning online slot site barbar77 rtp 99 accurate JP info barbaric wd brutal want to be crazy rich brutal immediately register amp play barbar77
76,76,gue penasaran banget sama pertama kali nemu akun kaskus fufufafa kan sudah berapa tahun lalu ko saja nemu,"I'm really curious about the first time I found the Kaskus Fufufafa account, how many years ago did I just find it?"
77,77,kata bowo ramal banyak bener so 2030 negeri akan bubar salam fufufafa pantai indah koplo,"Bowo said that many predictions are true, so in 2030 the country will disband, greetings fufufafa, beautiful beach koplo"
78,78,percaya dah bentar lg berita ngabarin breaking news milik akun fufufafa hina presiden pilih tangkap isilop tinggal cari kambing hitam ajaaa,"Believe it or not, the news will be breaking news from the Fufufafa account, insulting the president, choosing to arrest Isilop, just looking for a scapegoat"
79,79,sosok gubernur jabar akan jadi gubernur dki dayeuh kolot rendam banjir hingga 2 bulan akan sulap jakarta utara rupa dubai keren kan fufufafa jepang,"The figure of the governor of West Java will be the governor of DKI Dayeuh Kolot, soaking in floods for up to 2 months, North Jakarta will be transformed, the appearance of Dubai is cool, isn't it, Japanese fufufafa"
80,80,cari tambah cuan akhir bulan slot gacor deposit 10rb bisa untung langsung join malam minggu kaka boss tidur fufufafa aneh,"looking for extra cash at the end of the month, gacor slot deposit 10 thousand, can make a profit immediately, join Saturday night, boss, sleep, fufufafa, strange"
81,81,kalo fufufafa apa y,what about fufufafa?
82,82,fufufafa tugas mepet jokiwi solusi jokiwi selalu di deadline,fufufafa urgent task jokiwi solution jokiwi always has a deadline
83,83,kalau fufufafa sakit,if fufufafa is sick
84,84,fufufafa pecah,fufufafa burst
85,85,fufufafa diangetin biar babe tahu,Fufufafa is remembered so that the babe knows
86,86,akun fufufafa app kaskus tentu punya gibran kan,fufufafa app kaskus account certainly has gibran right
87,87,urus kaskus fufufafa sudah trending hari hari unik tdk media besar berani bahas investigasi sodorin bukti lumayan banyak angkat fokus pa wlaupun bahas fufufafa banyak,"take care of the fufufafa case, it's been trending every day, but the big media doesn't dare to discuss the Sodorin investigation, there's quite a lot of evidence to focus on, even though there's been a lot of discussion about fufufafa"
88,88,ijin pak cuit fufufafa kategori hate speech loohhhh juang green peace indonesia d penjara pak,permission sir tweet fufufafa hate speech category loohhhh green peace struggle indonesia in prison sir
89,89,wts wtb jual beli app premium murah full garansi iqiyi prime video vidio alight motion capcut canva picsanetflix youtube disney viu wetv t malem minggu weekend pagi fufufafa ritsuki kaskus diponegoro,wts wtb buy and sell cheap premium apps full guarantee iqiyi prime video vidio alight motion capcut canva picsanetflix youtube disney viu wetv t saturday night weekend morning fufufafa ritsuki kaskus diponegoro
90,90,trus janji ini pegimane,then how is this promise
91,91,atiati pak prabs ama fufufafa,be careful Mr Prabs and Fufufafa
92,92,ngikutin jejak kakak maenan fufufafa pantai indah koplo,Follow in my brother's footsteps playing fufufafa on the beautiful beach of Koplo
93,93,bukti kalau pinokio master mind dirty mind dirty hand semua gaduh republik inidan akan lanjut si gendut salam fufufafa pantai indah koplo,proof that pinocchio master mind dirty mind dirty hand all the chaos in this republic and will continue the fat one greeting fufufafa beautiful beach koplo
94,94,pak jangan dendam pak biarin si fufufafa hina bapak anak bapak sabar,"Sir, don't hold a grudge, sir, let Fufufafa insult you, sir, be patient."
95,95,fufufafa tuhh,fufufafa that's it
96,96,tetap berhatihati terus doa,stay careful and keep praying
97,97,rkgbrnfufufafa lantik sudah rame gin bayang betapa berat pimpin beliau situasi politik 5 tahun depan sy sih harap prabs sadar wakil orang aneh perkara beres hehehe bibit2 pecah bapak mulai,"rkbbrnfufufafa the inauguration is already crowded, imagine how difficult it will be to lead him in the political situation for the next 5 years. I hope Prabs realizes that he is a strange person and his affairs are resolved, hehehe, the seeds are starting to sprout, sir."
98,98,moga fufufafa nyampe telinga prabowo mau bilang ngga percaya faker kalau dalem busuk gitu suka ngatain engga engga kelauan rl nya 1112 lambat laun lihat,"I hope the fufufafa reaches Prabowo's ears. I want to say that I don't believe faker. If the inside is so rotten, it likes to keep it up, it's not a mistake, the rl is 1112, slowly you'll see"
99,99,baru tau web baca2 anjir wawas fufufafa luas bener dah hahaha,"I just found out about the web baca2 anjir wawas fufufafa, it's really extensive hahaha"
100,100,kelas rapimnas isi saling jilat jilat 2 badut berhala ramal klenik jugabowo hokkynya angka 8 iye 8000t tuh ntar digedeein utang bowo salam fufufafa pantai indah koplo,Rapimnas class consists of licking each other 2 clowns idols of occult fortune-telling toobowo hokky the number 8 yes 8000t that's going to get bigger bowo debt greetings fufufafa beautiful beach koplo
101,101,baru nya kak fufufafa join grup private gratis,new sis fufufafa join the free private group
102,102,tuhan jadi fufufafa pimpin arti lebih baik yang kalah,god so fufufafa lead meaning better loser
103,103,usut komen fufufafa bilang bain prabowo usut dibilanh dukung komen fufufafa aneh,investigate fufufafa's comment said bain prabowo investigate said support fufufafa's comment strange
104,104,tambah kalau ragu fufufafa bukan beler ada yang pernah panggil rak,"Plus, if you're in doubt, fufufafa isn't hot, someone has called Rak"
105,105,sudah tau sejak lama soal fufufafa apa kait zuzuzaza,have known for a long time about fufufafa what is the connection between zuzuzaza
106,106,kalo gt fufufafa nih alter ego g wkwkkwkakakaa,if so fufufafa this is my alter ego wkwkkwkakakaa
107,107,fufufafa ajak min,fufufafa invite min
108,108,oke gas oke gas fak yu fufufafa,okay gas okay gas fak yu fufufafa
109,109,pak prabowo be aware sama anak titip mulyono netizen simpan ss fufufafa walaupun postingan nya ada hapus,"Mr Prabowo be aware of Mulyono's entrusted child, netizens save the ss fufufafa even though the post has been deleted"
110,110,fufufafa hokyaaaaa,fufufafa hokyaaaa
111,111,nyata cak ainun sini salah bang fufufafa cuma nick bukan email bagi benar lebi valid kalau dapet registered email yang cek make email sebut,"Actually, Ainun is wrong here, bro, fufufafa, it's just a nickname, not an email, for correct, it's more valid if you get a registered email, check using the email you mentioned."
112,112,gitu puja fufufafa buka aib ndiri nyinyirin opa kek narko ngantukan ipk gaje kuliner gagal tamiya action figures alfatihah buat bung hatta negarawan proklamator berkharisma,that's it puja fufufafa open disgrace yourself nyinyirin oppa kek narko sleepy gp gaje culinary failed tamiya action figures alfatihah for bung hatta statesman charismatic proclaimer
113,113,link slot gacor inbox4d malam minggu kaka boss tidur fufufafa aneh,link slot gacor inbox4d saturday night boss brother sleeps fufufafa strange
114,114,ngebayangin fufufafa main roblox,imagining fufufafa playing roblox
115,115,fufufafa,fufufafa
116,116,arti fufufafa kenal sama adminnya,meaning of fufufafa know the admin
117,117,sejarah baru indonesia milik fufufafa wakil presiden tgl 20 oktober 2024 lantik presiden wakil presiden republik indonesia,new history of indonesia belongs to fufufafa vice president on october 20 2024 inaugurated the president and vice president of the republic of indonesia
118,118,sudah baca bro lihat situ saya ungkap alur gratis tdk logis spt skdr buat jakmania,"I've read it bro, look there I reveal the illogical free flow like SKDR for Jakmania"
119,119,fufufafa makin kena mental atut,"fufufafa, your mental health is getting worse"
120,120,arti kenal sama adminnya si fufufafa,meaning of getting to know the admin of fufufafa
121,121,hal fafifu wasweswos nyata difufufafakan cuek bebek,fafifu thing wasweswos real difufufafakan indifferent duck
122,122,ingat fufufafa,remember fufufafa
123,123,selamat pagi jiwa2 rungkad fufufafa,good morning souls of fufufafa
124,124,akun fufufafa duga milik gibran trending x verifikasi laku data bantah klaim hoax bukti ideal klaim dukung data bukan sekadar tuduh,fufufafa account allegedly belongs to gibran trending x verify data retaliate hoax claims ideal evidence claims support data not just accusations
125,125,info status fufufafa dan,fufufafa status info and
126,126,buruh monyet kata fufufafa,monkey labor fufufafa word
127,127,hemmm akun fufufafa curiga wakil presiden pilih dulu suka ngeboom wowo kata kata bijak nan sopan sampe anak2nya kaskus,"hemmm, the fufufafa account is suspicious that the vice president will choose first, he likes to boom, wow, words of wisdom and politeness to his children, kaskus"
128,128,kakak bina gimana jawab utama poin soal fufufafa tunggu instruksi,"Brother Bina, how do you answer the main points of the question, fufufafa, wait for instructions"
129,129,ngapain bang ikut ngomentarin fufufafa memang penting memang fufufafa siapa dah,"why are you commenting on fufufafa, it is important, it is fufufafa, who is it?"
130,130,sering adu komen sarkas tidak pernah nyerang kasar,"often make sarcastic comments, never attack harshly"
131,131,lhah bener donk fufufafa kan bukti saja terlalu tolol bs ngerti,"It's true, fufufafa, proof alone is too stupid to understand"
132,132,mana bukti keluarga mention fufufafa,where is the family proof mention fufufafa
133,133,ga penting orang bilang apa penting prabowo tau siapa fufufafa,"it doesn't matter what people say, what's important is that Prabowo knows who he is, fufufafa"
134,134,banyak jejak fufufafa,many traces fufufafa
135,135,fufufafa gimana kabar pak lebih nylekit loh pak,"fufufafa, how are you, sir, it's more annoying, sir"
136,136,fufufafa parah wakil presiden pilih kalian,fufufafa seriously the vice president is your choice
137,137,serius nanya siapa fufufafa tapi pak presiden pilih benerkah maaf,seriously asked who fufufafa was but the president chose really sorry
138,138,benar siapa lewat segitiga muda hilang misterius wasit yamal tidur malam minggu purwokerto haaland barca fufufafa,true who passed the young triangle mysteriously disappeared referee yamal slept on sunday night purwokerto haaland barca fufufafa
139,139,wts wtb jual beli app premium murah full garansi iqiyi prime video vidio alight motion capcut canva picsanetflix youtube disney viu wetv t malem minggu weekend pagi fufufafa ritsuki kaskus diponegoro,wts wtb buy and sell cheap premium apps full guarantee iqiyi prime video vidio alight motion capcut canva picsanetflix youtube disney viu wetv t saturday night weekend morning fufufafa ritsuki kaskus diponegoro
140,140,seru perkara bacain jejak digital fufufafa enih,it's exciting to read digital footprints fufufafa enih
141,141,malam minggu fufufafa tidur sanggup malam minggu aneh jane doe kaskus paham lu,Saturday night fufufafa sleep able to Saturday night strange jane doe kaskus understand you
142,142,kaskuser paham retired moderator kayak member biasa cuma badge yang beda previllagenya sama kek mod bisa delete thread fufufafa flamer tukang mancing2 ribut jadi wajar threadnya dihapuz thn 2015 bukan pas viral,"Kaskuser understands that retired moderators are like regular members, only the badges have different privileges, like mods can delete threads, fufufafa flamers are the ones who provoke a commotion, so it's natural that the thread was deleted in 2015, not when it went viral"
143,143,sudah saat guna fafifuwaswesos ganti fufufafa lutju lebih pendek,it's time to use fafifuwaswesos to replace fufufafa lutju which is shorter
144,144,benernya ngga fake2 ngga anonim2 jg krn harus inget awal2 create fufufafa ngasih info penting bisa track kl mmg gibran postingan dia bilang id akun lama id twitternya jadi ditanyain rad valid krn jg heran ttg itu,"It's true that it's not fake and it's not anonymous either because you have to remember that at the beginning, Fufufafa gave important information that can be tracked if Gibran's post said that his old account ID was his Twitter ID so he asked if it was really valid because I was also surprised about that."
145,145,semangat arhan,spirit of arhan
146,146,fufufafa ngarepin kena stroke kan untung jadi siapa bunuh siapa duluan,"fufufafa hoping to have a stroke, it's a matter of who kills who first"
147,147,ga jelas fufufafa maniak,not clear fufufafa maniac
148,148,angka 11 nilai kerja departemen tahan fufufafa serang personal,number 11 work value department hold fufufafa attack personal
149,149,teguh x cici join group malam minggu coblos fufufafa purwokerto malam minggu,Teguh x Cici join the group Saturday night vote fufufafa Purwokerto Saturday night
150,150,malam aneh minggu fufufafa,strange night of sunday fufufafa
151,151,belum jadi konco sekarang gimane kagak berani lawan wowo ma fufufafa,"If you're not a friend yet, how can you not dare to fight wowo ma fufufafa"
152,152,ga sekali bikin rumah rakyat antariksa bulan biar nanggung spektakuler dunia terpana hanya geleng2 kepala gumam fufufafafafafufu,"never once made a people's house on the moon, even if it was spectacular, the world was amazed, just shaking their heads, muttering fufufafafafufu"
153,153,fufufafa tidur malam minggu,fufufafa sleep on saturday night
154,154,tidur fufufafa,sleep fufufafa
155,155,saran mas jgn sampe prabowo tau ttg fufufafa takut nti tantrum ribet orang tua tantrum hati nti stelah jokowi langser akan dr koalisi sendiri coba caper prabowo kasus fufufafa dan kalau jadi orang pegang akun gebuk dulu,"My advice, bro, don't let Prabowo know about Fufufafa, you're afraid of having a complicated tantrum, your parents will have tantrums, after Jokowi steps down, they will come from the coalition themselves, try to caper Prabowo about the Fufufafa case and if you become someone who holds an account, beat it first."
156,156,seru banget fufufafa rkgbrn seluruh shitpost nya wkwk,really exciting fufufafa rkbbrn all the shitposts wkwk
157,157,jadi ingat cerita temen dr temenya hilang jasad korbn cara cor ada proyek gorong2 area sda tidak pernah ungkap sampe skr,"So I remember the story of a friend of his friend, the victim's body disappeared, there was a drainage project in the SDA area, it was never revealed until now"
158,158,pernah bahas sama fufufafa soal detail jalan usaha mul,I have discussed with Fufufafa about the details of the business path
159,159,kaskus berani sekali anak mulyono saksi prabowo subianto sakit partai gerindra dpr republik indonesia pdip puan maharani koran tempo tvonenews liputan6 detikcom fufufafa asean bem the straits times voa indonesia,kaskus very brave mulyono's son witness prabowo subianto sick gerindra party dpr republic of indonesia pdip puan maharani tempo newspaper tvonenews liputan6 detikcom fufufafa asean bem the straits times voa indonesia
160,160,alkisah sahabat banteng amp kodok,once upon a time the bull and frog's friends
161,161,hehehaha muncul senggakan fufufafa piye angsur aman dab,hehehaha there is a sob fufufafa how is it going to be safe and sound
162,162,duh saja ngiang angka 11 padahal fufufafa lebih gila oceh,"Gosh, I just keep hearing the number 11 even though fufufafa is even crazier."
163,163,cocok banget gambar fufufafa,very suitable fufufafa picture
164,164,wahai anak abah kalian harap tenang meski anak banteng anak kodok amp anak lowo ada dukung abah kalian kalian tetep anak manusia kok,"Oh, my father's children, please be calm, even though there are bull children, frog children and lowo children, there is support for your father. You are still human children."
165,165,kirain otak nya kosong nyata ngga mau liat isi otak nya liat di kaskus fufufafa,"I think his brain is empty, he really doesn't want to see what's inside his brain, look at the kaskus fufufafa"
166,166,mirip fufufafa kilas,similar to fufufafa flash
167,167,dewa tunggu gorong2,god wait for the drain
168,168,tekan aparat musuh grounded bitch yeah fufu fafa manusia tak guna bitch yeah fufu fafa nyusahin orang negara orang memang tengil tengik kemarin kabar habis pakai di pik satu hisapan bikin asik aparat berani nungkik,press the enemy authorities grounded bitch yeah fufu fafa people are useless bitch yeah fufu fafa give trouble to the people of the country the people are really rancid yesterday the news that they were used up in the pic in one puff made it fun for the authorities to dare to snipe
169,169,kenal sama fufufafa pak,I know fufufafa sir
170,170,tekan aparat musuh grounded bitch yeah fufu fafa manusia tak guna bitch yeah fufu fafa nyusahin orang negara orang memang tengil tengik kemarin kabar habis pakai di pik satu hisapan bikin asik aparat berani nungkik,press the enemy authorities grounded bitch yeah fufu fafa people are useless bitch yeah fufu fafa give trouble to the people of the country the people are really rancid yesterday the news that they were used up in the pic in one puff made it fun for the authorities to dare to snipe
171,171,di qrt reply emosi sama mas ainun ya padahal simpul tweet fufufafa gibran kenape sih orangorang hahaha,in qrt reply I was emotional with mas ainun even though the tweet was fufufafa gibran what's wrong with people hahaha
172,172,ngapusisasi tutup ngapusisasi lai,wipe off close wipe off again
173,173,nyala biru malam minggu tidur aneh fufufafa sanggup malam minggu purwokerto,blue flame saturday night strange sleep fufufafa capable saturday night purwokerto
174,174,saran akun fufufafa jg dong pak,please suggest fufufafa account too sir
175,175,mbak zee malam minggu tidur aneh fufufafa sanggup malam minggu purwokerto,Mbak Zee Saturday night sleeps strangely fufufafa capable of Saturday night Purwokerto
176,176,tekan aparat musuh grounded bitch yeah fufu fafa manusia tak guna bitch yeah fufu fafa nyusahin orang negara orang memang tengil tengik kemarin kabar habis pakai di pik satu hisapan bikin asik aparat berani nungkik,press the enemy authorities grounded bitch yeah fufu fafa people are useless bitch yeah fufu fafa give trouble to the people of the country the people are really rancid yesterday the news that they were used up in the pic in one puff made it fun for the authorities to dare to snipe
177,177,njir ini fufufafa was wes wos,this shit fufufafa was wes wos
178,178,fufufafa anjeng bego,fufufafa you stupid girl
179,179,abnormal fufufafa,abnormal fufufafa
180,180,malam minggu tidur ready malam minggu sanggup fufufafa,Sunday night sleep ready Sunday night can fufufafa
181,181,takdir memang misterius skrg lewat tangan bapak fufufafa ada belah orang benci di masa lalu lama 5th full,"fate is indeed mysterious, now through the hands of Mr. Fufufafa, there are people who have hated it in the past for a full 5 years"
182,182,can someone please explain me who tf is fufufafa singkat padat jelas,"can someone please explain me who tf is fufufafa short, concise, clear"
183,183,wah bayar wc umum teeminal sekarang jadi rp3 ribu yang 5 ribu cas hp warung rp 3 ribu listrik mahal kata fufufafa,"Wow, paying for public toilets at the terminal is now Rp. 3 thousand, which is Rp. 5 thousand, charging a cellphone at a stall is Rp. 3 thousand, electricity is expensive, said Fufufafa"
184,184,10 1 berapa pak fufufafa,10 1 how much sir fufufafa
185,185,mulai skrg sebut jword sayaord as mulyono amp fufufafa rrraahhh,from now on call my wordord as mulyono amp fufufafa rrraahhh
186,186,malam minggu malam minggu sanggup bangun tidur fufufafa konten pribadi ready,Saturday night Saturday night able to wake up fufufafa personal content ready
187,187,malam minggu fufufafa aneh tidur purwokerto haaland,Saturday night fufufafa strange sleep purwokerto haaland
188,188,mang serikat buat apa dan sampai diphk,what did the union do and was fired?
189,189,mulyono amp fufufafa wkwkwkwk,mulyono amp fufufafa wkwkwkwk
190,190,kpk sekarang ibarat curut got fufufafa,KPK is now like a fufufafa cheater
191,191,fufufafa ajar bahwa semua orang akan rasa jg apa rasa ini semua jejak gelap digital tonton jelas bagai platform hingga semua orang tahu ini bukan tetang jejak digital tentang dosa ketika yaumul hisab,fufufafa teach that everyone will feel what this feeling is all a dark digital footprint watch clearly like a platform so that everyone knows this is not about a digital footprint of sin when yaumul hisab
192,192,melek,awake
193,193,perintah giat susun ruu ampas aset cegah korupsi lebih efektif kaka boss wasit fufufafa tidur mamat malam minggu,"active order to draft the asset dregs bill to prevent corruption more effectively, boss, referee, fufufafa, sleep well Saturday night"
194,194,ruu ampas aset terus kerja kuat cegah korupsi kaka boss wasit fufufafa tidur mamat malam minggu,bill dregs assets continue to work hard to prevent corruption brother boss referee fufufafa sleep mamat saturday night
195,195,ohhh fufufafa suka semprot,ohhh fufufafa like to spray
196,196,komen fufufafa tahun 2013 zaman jokowi blm jadi presiden kalau akun fake ngaku apa untung ngaku sbg anak jokowi la jokowi zaman masih blm jadi presiden,fufufafa comment in 2013 when jokowi was not yet president if a fake account admitted what was the benefit of claiming to be jokowi's child when jokowi was not yet president
197,197,percaya parpol asuuudahlahfufufafa,"trust political parties, that's it, fufufafa"
198,198,fufufafa siapa zuzuzaza bang,fufufafa who is zuzuzaza bro
199,199,asyikkkk fufufafa dari mulyono,awesome fufufafa from mulyono
200,200,2 memang bener kalau ngelihat biasa main sosmed zaman sekarang bisa dia ngaku situ komen fufufafa tuh tahun 2013 tahun blm jadi biasa buat ngaku akun orang komen,"2. It's true that if you look at how people usually play on social media these days, they can admit that they're commenting, fufufafa, that's 2013, but it wasn't commonplace to admit to someone's account when commenting."
201,201,bukan pegawai negri jabat,not a civil servant
202,202,bowo naik gaji jabat biar korupsi,Bowo raises salary for office holders to stop corruption
203,203,u i fufufafa ding ding wala wala ding ding ui fufufafa ding ding wala wala ding ding,u i fufufafa ding ding wala wala ding ding ui fufufafa ding ding wala wala ding ding
204,204,bapak teriakin mulyono anak teriakin fufufafa kalau sempat,father shouts mulyono son shouts fufufafa if he has time
205,205,malam minggu malam minggu malam minggu fufufafa sanggup tidur mahasiswi kkn undip part 2 teguh x cici cindo viral link 1 link 2 i ve got the full 16 clips did u all saw video full jaden newman full koleksi,Saturday night Saturday night Saturday night fufufafa able to sleep Undip KKN students part 2 Teguh x Cici Cindo viral link 1 link 2 I've got the full 16 clips did u all saw video full Jaden Newman full collection
206,206,malam minggu malam minggu malam minggu fufufafa sanggup tidur mahasiswi kkn undip part 2 teguh x cici cindo viral link 1 link 2 i ve got the full 16 clips did u all saw video full jaden newman full koleksi,Saturday night Saturday night Saturday night fufufafa able to sleep Undip KKN students part 2 Teguh x Cici Cindo viral link 1 link 2 I've got the full 16 clips did u all saw video full Jaden Newman full collection
207,207,malam minggu malam minggu malam minggu fufufafa sanggup tidur mahasiswi kkn undip part 2 teguh x cici cindo viral link 1 link 2 i ve got the full 16 clips did u all saw video full jaden newman full koleksi,Saturday night Saturday night Saturday night fufufafa able to sleep Undip KKN students part 2 Teguh x Cici Cindo viral link 1 link 2 I've got the full 16 clips did u all saw video full Jaden Newman full collection
208,208,info fufufafa ngab,fufufafa info ngab
209,209,alhamdulilah celaka mereka btw harus pemda tempat bangun sirkuit lumayan kan sewa kalau bandel biarin,"thank God they are in trouble btw the local government where the circuit is being built is quite good, the rent is good, if they are stubborn, let them be"
210,210,gin emng bener satu bukti fufufafa akun gibran adalah komen akun fufufafa sendiri bilang kalau akun twitternya bukti cukup kuat krn situ konteks bukan ngaku lagi kenal kaskus tahun 2013gtlanjut,"Gin, it's true that one proof of Gibran's Fufufafa account is the comments on the Fufufafa account itself, saying that his Twitter account is quite strong evidence because there's context, not claiming to know Kaskus in 2013. Continued"
211,211,modal copas template mah dibayarin 5000 per copas kali,The capital for copying and copying templates is paid 5000 per copypaste
212,212,lawan panggil kpk langsung ciut langsung besok dukung bowo,Opponent calls KPK and immediately shrinks and supports Bowo tomorrow
213,213,mirip apaa nya avatar,what does avatar look like
214,214,kalau kominfo mau blok x arti tu semua akun fufufafa fix punya,"If Kominfo wants to block X, that means all Fufufafa accounts are fixed."
215,215,inti cuma scanning media ada username fufufafa ngga,"the point is just scanning the media, is there a username fufufafa or not?"
216,216,kayak banyak salah faham kalau data sini bukan fix 100 rujuk fufufafa original hanya dar sama kasus seperti username right,"It seems like there are many misunderstandings that the data here is not 100% fixed, refer to the original fufufafa only from the same case as the username right"
217,217,yassalam daftar masuk jadi bawah fufufafa,yassalam sign in so below fufufafa
218,218,saja nih fufufafa,just this fufufafa
219,219,rok span plisket cantik nih guys wajib punya,This beautiful pleated pencil skirt is a must have for guys
220,220,konsultan politik lg sibuk pilih sabun buat cebokin fufufafa,political consultant is busy choosing soap for washing fufufafa
221,221,awal september buka kata ajaib fufufafa,early September open the magic word fufufafa
222,222,knp cowok mirip fufufafa,why do guys look like fufufafa
223,223,ready malam minggu sanggup tidur fufufafa malam minggu malam minggu pagi,"ready Saturday night, able to sleep, fufufafa, Sunday night, Sunday morning"
224,224,kata this recognition was based on reports from jokowis staff arti gantung lapor staff abu fufufafa fao kena bagai kait tani pangan aman pangan indonesia,this recognition was based on reports from jokowis staff arti Gantung lapor staff abu fufufafa fao kena seperti kait pertanian makanan aman makanan indonesia
225,225,lucu2 nih boneka mau nang masa cuma 15rebu gara2 toko nya cuci gudang,"This doll is so cute, it only costs 15 thousand because the shop is cleaning the warehouse"
226,226,semangat gen padahal tinggal ngaku sih akun fufufafarkgbrnraka gnarly bikin siapa tunggu klasifikasi puncak klasmen,spirit gen even though just admit it fufufafarkgbrnraka account gnarly makes who wait for the top classification of the standings
227,227,udah tau anying 11100 mah sekarang mah waktu selam akun kaskus fufufafa ndut,"I already know Anying 11100, now it's time to dive into my Kaskus fufufafa ndut account"
228,228,isi hati sebenernya politikus media jaim saling peluk,"the real contents of the hearts of politicians, media, and others are pretending to hug each other"
229,229,provinsi belakang hihi,back province hihi
230,230,gak bakal serame kemaren kintil yang serang kubu tentu yang gabung dan bokev masalah preferensi,"It won't be as scary as yesterday, the kintil that attacked the camp will of course be the ones who join and it's a matter of preference"
231,231,kumpul jejak digital gibran rupa proyek tarik nama guna raka gnarly fufufafa,collect digital traces gibran rupa project pull name use raka gnarly fufufafa
232,232,fufufafa aduhhh kosong kosong,"fufufafa oh my, it's empty, empty"
233,233,siapa mau freebet yuk yuk bio link nya tags thank you haechan malam minggu aneh tidur ilyy happy birthday my love fufufafa,"who wants freebet, come on, come on, bio link tags thank you haechan, strange saturday night, sleeping ilyy, happy birthday my love fufufafa"
234,234,mau msbreewc teguh sawandi 25 foto rare12 vid total 3 jam fufufafa wasit malam minggu malam minggu ngotot aneh september purwokerto yeji partai ubah indonesia tidur ilyy kaskus azizah sanggup kkn undip viral join grup percaya,want msbreewc teguh sawandi 25 photos rare12 vid total 3 hours fufufafa referee saturday night saturday night insist strange september purwokerto yeji party change indonesia sleep ilyy kaskus azizah able kkn undip viral join group believe
235,235,asupan malam minggu bareng ayang tele malam minggu tidur fufufafa kaskus doodstream anime manga netflix,Saturday night intake with ayang tele Saturday night sleep fufufafa kaskus doodstream anime manga netflix
236,236,jinxprofufufafa186,jinxprofufufafa186
237,237,masa takut sama jendral tni bintang 4 jangan ngebenturin polisi tni please,"Why are you afraid of a 4-star TNI general? Don't clash with the TNI police, please."
238,238,alhamdulilah,Thank God
239,239,ayo tim cyber cari tau siapa akun fufufafa dia dulu cela cela presiden pilih sekarang tau,"Come on, cyber team, find out who the fufufafa account is. He used to criticize the president and choose now."
240,240,unich airdrop solana dont skip buka website signup gmail verify masuk kode ico5hh 50 fd point kerja task social mining klik 24 jam rajin amp good luck mamat sayang fufufafa full 16 clips,unich airdrop solana dont skip open website signup gmail verify enter code ico5hh 50 fd point work task social mining click 24 hours diligent amp good luck mamat sayang fufufafa full 16 clips
241,241,btw komentar kaskus ngebug kalau lihat situ cek detail thread 11 nah komentar samsul bawah sertifikat buruh provokator yang nyet nyet orang yang reply,"btw Kaskus comments are buggy, if you look there, check the details of thread 11, well, Samsul's comment below the labor certificate is the provocateur who's making fun of the person who's replying."
242,242,say it wit me mulyono raka gnarly fufu fafa erina bau ketek again mulyono raka gnarly fufu fafa erina bau ketek again,say it wit me mulyono raka gnarly fufu fafa erina smelly armpits again mulyono raka gnarly fufu fafa erina smelly armpits again
243,243,lebih baik boneka mulyono,better mulyono doll
244,244,post reply luffy88 thn 2019 bukti sudah tahu lama fufufafa gibran jg samar2 ingat dulu pernah naik topik nya fakta tahu biar hapus segala kuasa bapak nya arti gk masalah prabowo,post reply luffy88 2019 proof already knew for a long time fufufafa gibran also vaguely remembers once raising the topic fact know let's erase all his father's power meaning no problem prabowo
245,245,netral lihat 22 nya,neutral see 22
246,246,mohon izin pak hati hati pak kalau kasi sikap taubat mawon fufufafa,"Please be careful, sir, if you give Mawon Fufufafa's attitude of repentance"
247,247,kek disembunyiin mahluk halus,like being hidden by spirits
248,248,trend maksud apa,what does trend mean
249,249,begitu ekspos pak lurah baru gubernur dki memang ekspos,"that's how the new village head exposes the governor of DKI, he really exposes it"
250,250,jelas tanpa aku elu tau dulu cara kerja osint industries mungkin besar aqwam gunain username terus isi fufufafa buat nyari sama nama fufufafa generik banget gua pasti kalau akun2 kaskus bukan akun,"Obviously, without me knowing first how Osint Industries works, maybe I will use the username and then fill in Fufufafa to search for the very generic Fufufafa name. I'm sure that Kaskus accounts are not accounts."
251,251,suka bapak demo buruh empati ada usaha kan sukses sebentar bapake presiden jadi tidak tau suka duka nyari kerja,"You like the demo, empathetic workers, if you have a business, it will be successful for a while, Mr. President, so you don't know the ups and downs of looking for work"
252,252,bela mulyono tanpanjadi buzzernya sudah aneh sampe jadi buzzernya sembah sekali mulyono anjng prabski apa kabar ngab tantrummya berapa lama nih gara2 fufufafa,"Bela Mulyono without being a buzzer is already strange, until he becomes a buzzer, I really worship Mulyono, the dog of Prabski, how are you, Ngab, how long will his tantrum last because of Fufufafa"
253,253,sakaw tuh fufufafa,I'm going to get high fufufafa
254,254,malam minggu bahan tidur nih fufufafa kaskus,Saturday night is a good sleeping material fufufafa kaskus
255,255,mah bempermalingnya di rumah fufufafanyedotin wc,mah the thief is at home fufufafanyedotin toilet
256,256,ganti username itu lihat tanggal joinnya,"change the username, see the join date"
257,257,yg rambut gin fufufafa kaya kalau wakil presiden mungkin beda konspirasi,the one with gin fufufafa hair like the vice president might have a different conspiracy
258,258,ga bahas fufufafa siapa anjir memang rata2 orang indo kl bikin akun usn nya sama semua kyk akun game di game apa pake nama kyk akun ml gue,"I don't discuss fufufafa, who is the anjir, the average Indonesian person makes a USN account, it's all the same, like a game account, what game do they use a name like, my ml account"
259,259,goyang semua fufufafa malam minggu purwokerto wasit,shake all fufufafa saturday night purwokerto referee
260,260,jyahlebay dah dasar alay luh fufufafa bin raja boong,jyahlebay dah bastard alay luh fufufafa bin raja boong
261,261,twit awal tahun 2025 ruang kelas sd sma ruang rapat kantor plat merah toko jual poster amp pigura pinggir jalan raya aku lihat ndut amp fufufafa,tweet early 2025 elementary school high school classroom meeting room red plate office shop selling posters and picture frames on the side of the highway I see fat and fufufafa
262,262,buset fufufafa isu narkoboy main nganu,"damn fufufafa drug issue, boy playing around"
263,263,jgn maen2 sama barang kata bahlil anak raja jawa ituusi fufufafa nama,"Don't play with things, said Bahlil, the son of the Javanese king, that's fufufafa name"
264,264,to be fair fufufafa could by anyone sih kalau udh web,"To be fair, fufufafa could be done by anyone if you have a website"
265,265,partai basmi fufufafa,fufufafa eradication party
266,266,bukan wkwkwk fufufafa raka gnarly akun beneran kaskus cuma akun ini akun twitter buat lucu lucu pakai kombinasi username samar identitas ane sering julid,no hahaha fufufafa raka gnarly kaskus real account only this account is a twitter account for funny things using username combinations that have a cryptic identity I often julid
267,267,gara gara fufufafa jadi banyak tau website gapernah tau belum,"Because of Fufufafa, many people know about the website and never knew about it"
268,268,mending cek akun kaskus fufufafa jadi wakil u pak mikirin angka 11,"It's better to check the Kaskus Fufufafa account, so be your representative, sir, think about number 11"
269,269,unironically yes saya cek akun fufufafa tiga situs list disqus stackoverflow amp vk jelas2 milik 3 orang beda kalau gibran nyata fasih bahasa portugis brazil pernah tinggal central ukraine ajar python amp gemar yaoi,unironically yes I checked the fufufafa account three sites list disqus stackoverflow amp vk clearly belong to 3 different people if gibran is really fluent in portuguese brazilian once lived in central ukraine teaches python amp likes yaoi
270,270,ibu fufufafa memaki2 samsul,Fufufafa's mother cursed at Samsul
271,271,seru banget mantengin fufufafa,It's really fun to watch fufufafa
272,272,keren ni lagufufufafa fufufafa pala loe pea,This song is cool fufufafa fufufafa pala loe pea
273,273,fufufafa aneh gaming,fufufafa strange gaming
274,274,fufufafalagi rameya,fufufafalagi more crowded
275,275,berapa banyak orang kerja keras jaga rahasia ttg fufufafa ke pprabowo nyari moment tepat ngasih tau ngga kacau smua acara smp lantik,How many people worked hard to keep the secret about Fufufafa to Pprabowo looking for the right moment to tell him so that the whole SMP inauguration event doesn't get messed up
276,276,lumpur isi minyak bisa kasih kursi komisar direktur menteri jilat dikit,oil filled mud can give commissioner director minister chair a little lick
277,277,kalo mau grooming kilat anak buat jadi wakil presiden minimal screening profil digital dulu lah bukan salah fufufafa tolol salah mulyono paksa jabat anak tolol,"If you want to quickly groom your child to become vice president, at least do a digital profile screening first, it's not Fufufafa's fault, you idiot, Mulyono's fault, forcing him to shake hands with your stupid child"
278,278,anak soleh baik hati yang ipk nya tinggi tembus langit apa kabar fufufafa,"A pious, kind-hearted child whose GPA is sky high, how are you, fufufafa?"
279,279,kamar mandi kasih minyak gitu maksud agar kepleset,Put oil in the bathroom so you don't slip
280,280,bukan gitu maksud kalau gibran langsung ngehajar pakai uu cara langsung iya kalau fufufafa dia,"That's not what it means if Gibran directly beats him using uu in a direct way, yes, if he's fufufafa"
281,281,goblok bener fufufafa,really stupid fufufafa
282,282,fufufafa ngotot,fufufafa insist
283,283,btw demokarat sby ahai dikatain kebo tuh pak sby nya sama nih samsul,"BTW SBY's Democrats, ahai, are said to be stupid, Mr. SBY is the same, Samsul"
284,284,minta dapat bang gen nama fufufafa bagus buat akun medsos,"Please give me a good name for a social media account, bro"
285,285,lah malah diomongin fufufafa,but instead they talk about fufufafa
286,286,yang katain anak papi mami sekarang sahabat sama,who said that daddy's mommy's children are now best friends
287,287,fufufafa bang lg viral,fufufafa bro it's viral again
288,288,bukan mau bela samsul komodo lama login viralnya baru baru si fufufafa jadi arti thread sudah hapus lama bikin gaduh member kaskus situ,"I don't want to defend Samsul Komodo, it took a long time to log in and it just went viral, Fufufafa, so the thread has been deleted for a long time, it's causing a commotion among Kaskus members."
289,289,tipe simpatisan suka elite parpol parpolnya konsisten mencla mencle ente dukung,"the type of sympathizer who likes the elite of political parties, the political parties consistently deny that you support them"
290,290,sanggup malam minggu fufufafa aneh ayoo join sini jamin akun baru jepe banyak kejut nanti,able to Saturday night fufufafa strange come on join here guarantee new account jepe lots of surprises later
291,291,makin percaya kalau jangan jangan buzzer karena ide anakanaknya mulyono bahkan ketua mereka sendiri baca konten fufufafa,"increasingly believe that maybe the buzzer is because of Mulyono's children's idea, even their own chairman reads Fufufafa's content"
292,292,buzzer mulyono fufufafa hrsnya tdk perlu panik sesuai hasil pilpres akan dukung partai anies kan cuma 1718 coba lihat mulyono dlm upaya sbg raja jawa ndeso,buzzer mulyono fufufafa should not panic according to the presidential election results will support the Anies party is only 1718 try to see mulyono in his efforts as the king of the village Java
293,293,kuylah mau gua jokiin olah data statistik uji validitas ampreliabilitas uji asumsi monggo no wa 0895639940007 tanya harga gassss sampek deal,"Kuylah I want to joke about statistical data, validity test, amplification, assumption test, please WA number 0895639940007 ask for price gassss until the deal"
294,294,hari hari kesel sama fufufafa,Everyday I'm annoyed with fufufafa
295,295,fufufafa bingung akun kaskusnya trendingdasar jamet,"fufufafa confused, the kaskus account is trending, basic jamet"
296,296,moga prabowo ngejadiin fufufafa kartu mati,hopefully prabowo will become fufufafa a dead card
297,297,most likelyfufufafa,most likelyfufufafa
298,298,fufufafa apa sih,fufufafa what is it
299,299,yaa bayang dong isi otak fufufafa kalau keti kyk gitu,"Yes, imagine what would be in Fufufafa's brain if it looked like that"
300,300,kita sambut wakil presiden republik indonesia 20242029 raka fufufafa gnarly,we welcome the vice president of the republic of indonesia 20242029 raka fufufafa gnarly
301,301,tidur gen simpen energi buat fufufafa kalau bikin blunder,Gene sleep saves energy for fufufafa if you make a blunder
302,302,efek hilang kena barang bagus fufufafa fufufafa,effect lost by good stuff fufufafa fufufafa
303,303,gak usah muter muter bilang argumen nyata fufufafa bukan samsul twitter chili catering sinkron dentan fufufafa main god of war bilang akun raka gnarly lupa password btw ane cuma punya akun twitter tidak yang mau lepas stres,no need to go around saying real arguments fufufafa not samsul twitter chili catering synchronous dentan fufufafa playing god of war said raka gnarly account forgot password btw i only have a twitter account not one that wants to relieve stress
304,304,fufufafa samsul kiyep babynepo,fufufafa samsul kiyep babynepo
305,305,panggil fufufafa sekarang,call fufufafa now
306,306,aneh kaskus fufufafa sanggup,strange kaskus fufufafa able
307,307,saran buat fufufafa latih sikap tobat,Advice for fufufafa to practice repentance
308,308,panggil fufufafa sekarang,call fufufafa now
309,309,tidur malam minggu awal calon presiden prabowo sama gibran tebak prabowo untuk batu loncat 23 tahun prabowo jabat presiden nanti terus sama gibran indonesia pimpin sama keluarga jokowi fufufafa,early sunday night sleep presidential candidate prabowo and gibran guess prabowo as a stepping stone 23 years prabowo will be president later continue with gibran indonesia lead with jokowi family fufufafa
310,310,prabowo unggah foto nostalgia titiek momen baik mas fufufafa comment cerai anak homo,"Prabowo uploads nostalgic photo of Titiek, good moment, Mas Fufufafa, comment on divorce, gay child"
311,311,kok nyaut yah emang akun fufufafa punya nya gibran,How come the fufufafa account is indeed Gibran's
312,312,punya wakil presiden nama fufufafa allah lindung negeri dari segala marabahaya aamiin,have a vice president named fufufafa Allah protect the country from all dangers aamiin
313,313,lamun huwus kalah partai ring biru ring kuning ring putih ring hijau ring merah isun amukti fufufafa peace,seagrass huwus lost party blue ring yellow ring white ring green ring red ring isun amukti fufufafa peace
314,314,udah gabung plus plus di satu sisi mau tarik simpati rakyat gin loh rakyat kritis illfill koalisi plus plus illfill kalau cuma dpet 1 istri jangan ngejar 2 istri 22 dapat bukan fans pks cuma sedih diobok obok,already joined plus plus on one side want to attract the sympathy of the people gin loh the people are critical illfill coalition plus plus illfill if you only get 1 wife don't chase 2 wives 22 get not pks fans just sad being messed around
315,315,fufufafa stress brat masih sempet ngakses semprot,fufufafa stressed bro still has time to access the spray
316,316,fufufafa yuk beli netflix satset sini,fufufafa let's buy netflix satset here
317,317,udah susah baik kata rakyat keluar plus plus percuma sudah tutup pilkadanya,"It's already difficult, the people say leave, plus it's useless if the regional elections are closed"
318,318,skrg pangil fufufafa aja,now just call me fufufafa
319,319,fufufafamulutkayak bocah sd,fufufafamouth like an elementary school kid
320,320,coba tanya fufufafa,try asking fufufafa
321,321,tadi sore liat trend tarik tulis fufufafa pas buka nyata lancar sekali,This afternoon I saw the trend of writing fufufafa when I opened it and it went really smoothly
322,322,ente bayar upa buat bela kalau bilang hoaks ada argument ban tuduh hoaks jadi buzzer smart biar bayar 8000 doang,"You pay money to defend yourself, if you say it's a hoax, there's an argument, you're accused of being a hoax, so you'll be a smart buzzer so you'll just pay 8,000"
323,323,kmrin arhan zize trs putus mahkamah konstitusi skrg fufufafa,"Yesterday Arhan Zize then decided on the Constitutional Court, now fufufafa"
324,324,mudah mudah beliau pernah karya terus sebar,"It's easy and easy, his work continues to spread"
325,325,apa sih fufufafa kok jadi trending pura2 tau,"what the heck, fufufafa, how come it's trending, you know?"
326,326,fufuspotted apa fufufafa,fufuspotted what is fufufafa
327,327,udahan bahas politik datang fufufafa,"stop discussing politics, come fufufafa"
328,328,mulyono sang fufufafa tahu identitas asli harus gibran ganti berita tarik kaesang naik jet pribadi gratis,Mulyono the fufufafa knows the real identity must Gibran change the news to pull Kaesang to ride a private jet for free
329,329,okok indon memang ngeselin enggak semua sih mayoritas iya pantes indon majumaju okok tidak mampu paham kalau puntung rokok harus buang tempat sampah bukan buang sembarang masalah klasik kasus cerdas,"Indonesian cockfighting is really annoying, not all of it, the majority of it is no wonder Indonesians are going forward, okok is not able to understand that cigarette butts have to be thrown in the trash, not just throw anything away, a classic problem, a smart case"
330,330,terus 0 post maksud apa suhu,then 0 post what does that mean suhu
331,331,ayo dukung partai ubah indonesia for anies 2029 fufufafa layak borgol,"Come on, support the Change Indonesia Party for Anies 2029, fufufafa, deserves to be handcuffed"
332,332,oalah pantesan penyefong fufufafa,oh no wonder fufufafa's voicemail
333,333,fufufafa ngaku gibran jauh chilli jadi mungkin gk cuma klaim doang,Fufufafa admits that Gibran is far from Chili so maybe he's not just claiming
334,334,susah bokev urus personal ngatain rakyat miskin buruh monyet panasbung fpi 212 hanya gelintir ada kuat kasih bansos diem,"It's hard to be a bokev, take care of personal, call the poor people, workers, monkeys, hot buns, FPI 212, only a handful have the strength to give social assistance, keep quiet"
335,335,bapake fufufafa,father fufufafa
336,336,makin creepy dark weeb jangan jangan,increasingly creepy dark web maybe
337,337,keep positif ya ngapain situs buat bisnis kalau dakwah oke barangkali tobat,"keep positive, why do you make a site for business if preaching is okay, maybe you will repent"
338,338,medsos belah posting gin buat kamu rasa malu masih jadi beban keluarga jangan minder masih kok 1 keluarga yang jadi beban negara pernah ngerasa malu sudah gitu sekarang pula isu fufufafa masih tidak tau malu tidak,social media split post gin for you feel ashamed still being a burden on the family don't be inferior still 1 family that is a burden on the country ever felt ashamed and now the issue fufufafa still don't know shame no
339,339,fufufafa siapa nihpura2 tau,fufufafa who pretends to know
340,340,lalu kok 0,then why 0
341,341,jadi hapus semua makanya bangun 5 online wkwkwk,so delete all that's why build 5 online wkwkwk
342,342,km ikut sebel jg gas kak nama fufufu bagus2 lucu malah muncul spesies alien namain fufufafa kek mana gada akhlak makin sebel,"You're also annoyed, bro, the name Fufufu is nice and cute, but instead an alien species appears named Fufufafa, which has no morals, making you even more annoyed"
343,343,uang cari sukses datang pergi integritas harga mati fufufafa,money seek success come go integrity price is non-negotiable fufufafa
344,344,udah hilang akun dihpus entah sendiri admin kaskus,"I lost my account, maybe it was deleted by the Kaskus admin"
345,345,baca pusing bilang fufufafa bukan gibran klaim raka gnarly raka gnarly rkgbrn amp chillipari lumayan bukti gibran maksud piye pak intine kui kabeh akune gibran,read dizzy say fufufafa not gibran claim raka gnarly raka gnarly rkbbrn amp chillipari quite good evidence gibran what do you mean sir intine kui all gibran accounts
346,346,rok lucu viral nih fufufafa malam minggu mimpi indah sekali lagi eh aneh,"This cute skirt is viral, fufufafa, Saturday night, I had a beautiful dream again, eh, strange"
347,347,jejak digital mah ngga apaapanya bangdibanding fufufafa kurang cadas ceunah,Digital footprints are nothing compared to fufufafa less cadas ceunah
348,348,emang kalau bukan gus bisa jadi petinggi ansor fiodal balut agama kes mulia,"Indeed, if not, Gus could be a high ranking member of the Fiodal Ansor dressed in a noble cause religion"
349,349,akun kaskus duga milik gibran rakabuming tengah trending x pernah mention kaesang pangarep hingga sindir prabowo kkn undip coblos reza artamevia fufufafa ritsuki pagi kaskus nyetrika malam minggu malam minggu,"Kaskus account suspected to belong to Gibran Rakabuming is currently trending x once mentioned Kaesang Pangarep and even mocked Prabowo, KKN, Undip, voted for Reza Artamevia, fufufafa, Ritsuki, morning Kaskus, ironing on Saturday night, Saturday night"
350,350,orangorang apabila terima takar orang minta cukup apabila mereka takar timbang orang mereka kurang qs almutaffifin ayat 2 3 fufufafa kaskus malam minggu kaka boss,"when people receive a measure, people ask for enough, if they measure, their person's weight is not enough qs almutaffifin verse 2 3 fufufafa kaskus sunday night kaka boss"
351,351,demikian cuma provokasi lai waga nu taman2 siap pasang badan lindung,"So it's just another provocation, Waga Nu Taman2 is ready to put up a protective body"
352,352,tp kan semua fufufafa blm yak kl bukan dia ya gpp semangat mungkin memang bom tau kalau dia jg gpp lah bangg kan cocok cermin negara open source,"but all the fufufafas aren't okay, if it's not him, it's okay to be enthusiastic, maybe it's a bomb, knowing that he's also okay, he's proud, isn't it suitable for the mirror of the open source country?"
353,353,plis siarin biar wowo denger fenomena fufufafa hahahah,please broadcast it so wowo hears the fufufafa phenomenon hahahah
354,354,keren fufufafa pernah stackoverflow kira kira nyari apa,"cool, fufufafa, what have you been looking for on Stackoverflow?"
355,355,ak jg tdk sedia pena sini lama gimana masa bikin kaskus sperti fufufafa,"I also don't have a pen here for a long time, how can I make Kaskus like fufufafa"
356,356,waspada mitigasi bencana isu megathrust mungkin benar ada malam minggu cuma lihat berita fufufafa mending sekali cari info soal gempa bumi mungkin serta tsunami moga aman kendali aminn,"be alert to disaster mitigation, the megathrust issue may be true, there is a Saturday night, just watch the news, fufufafa, it's better to look for information about earthquakes, maybe tsunamis, hopefully it's safe and under control, amen"
357,357,akun media sosial teguh suwandi collab msbreewc hotel bikin penasaran memang cuma 7 menit kkn undip coblos reza artamevia fufufafa ritsuki pagi kaskus nyetrika diponegoro shella malam minggu malam minggu,social media account teguh suwandi collab msbreewc hotel makes you curious it's only 7 minutes kkn undip vote for reza artamevia fufufafa ritsuki morning kaskus ironing diponegoro shella saturday night saturday night
358,358,celaka orangorang curang takar timbang qs almutaffifin ayat 1 fufufafa kaskus malam minggu kaka boss sekalilagi paham lu,Woe to those cheating people who measure and weigh qs almutaffifin verse 1 fufufafa kaskus Saturday night bro boss once again you understand
359,359,akun media sosial teguh suwandi collab msbreewc hotel bikin penasaran memang cuma 7 menit kkn undip coblos reza artamevia fufufafa ritsuki pagi kaskus nyetrika diponegoro shella malam minggu,social media account teguh suwandi collab msbreewc hotel makes you curious it's only 7 minutes kkn undip vote for reza artamevia fufufafa ritsuki morning kaskus ironing diponegoro shella saturday night
360,360,kasi pak prabowo dukung sianies tikung baek sama fufufafa pernah dikatain hidup memang pernah mulus buat orang tulus,kasi Pak Prabowo supports sianies tikung baek and fufufafa once it was said that life is never smooth for sincere people
361,361,door step wartawan bapak tau siapa akun fufufafa pak mulyono,door step journalist sir do you know who the fufufafa account is sir mulyono
362,362,link video syur kkn undip banyak buru warganet memang bener mahasiswa semarang ikut akun sebar x kkn undip coblos reza artamevia fufufafa ritsuki pagi kaskus nyetrika diponegoro shella sanggup aneh malam minggu,"The link to the pornographic video of KKN Undip is being hunted by many netizens. It's true that Semarang students are involved in the account spreading X KKN Undip, voting for Reza Artamevia, Fufufafa, Ritsuki, morning, Kaskus, ironing Diponegoro, Shella, is capable of being strange on Saturday night."
363,363,fufufafa bangetttt aku takut,fufufafa I'm soooooo scared
364,364,operasi idf instan delete fufufafa,instant idf operation delete fufufafa
365,365,fufufafa wah wah wah hebat netijen indonesia yah lebih pasu senopati bimasena hahahahahahhahahahahahhahahahahahahahaha,fufufafa wah wah wah great Indonesian netizens huh more pasu senopati bimasena hahahahahahhahahahahahhahahahahahahaha
366,366,gimana laporin ini akun fufufafa polisi mosok presiden pilih dihina2 gitu sih sih terima kena uu ite,"how do you report this fufufafa account the police mossed the president for choosing to be insulted like that anyway, thank you for being hit by that law"
367,367,tau gimana n sapa korban cocotannya tau publik skrg simpati siapa tiati ajaaah sisa ruang buat curiga yah saking trust issuenya neh netijen roasting fufufafa bebas tnpa disuspend bikin i curiga apa giat dukung n sponsor,"Do you know how and who the victim of the cocotan is? You know the public now sympathizes, who just obey, there's still room for suspicion, there's so much trust in the issue, netijen roasting fufufafa is free without being suspended, it makes me suspicious or actively support and sponsor"
368,368,tiati geees model menangin hati publik lewat simpati tu sering hasil yah jkw dulu baur ama rakyat mau turun lapang dpt simpati rakyat menang 02 ama 01 debat 01 rada garang publik jadi simpati ama 02 02 disayang2 skrg fufufafa,"tiati geees model of winning the hearts of the public through sympathy is often the result, yes, if you used to mingle with the people, you wanted to go out in the field, get the people's sympathy, win 02 and 01 debates, 01, the public was a bit angry, so they sympathized with 02, 02 they are loved now, fufufafa"
369,369,link video collab teguh suwandi msbreewc hotel viral nyata bukan cuma 7 menit mulai mobil hingga tempat makan kkn undip coblos reza artamevia fufufafa ritsuki pagi kaskus nyetrika diponegoro shella malam minggu,video link collab teguh suwandi msbreewc real viral hotel not just 7 minutes from the car to the dining place kkn undip vote for reza artamevia fufufafa ritsuki morning kaskus ironing diponegoro shella saturday night
370,370,fufufafa panggil marsel fufufafa panggil marsel panggil darurat,fufufafa call marsel fufufafa call marsel call emergency
371,371,fufufafa idola,fufufafa idol
372,372,profil biodata youtuber teguh suwandi viral usai collab msbreewc salah satu hotel singapura kkn undip coblos reza artamevia fufufafa ritsuki pagi kaskus nyetrika diponegoro shella malam minggu,YouTuber Teguh Suwandi's biodata profile went viral after collab msbreewc one of Singapore's hotels KKN Undip voted for Reza Artamevia Fufufafa Ritsuki morning Kaskus ironing Diponegoro Shella Saturday night
373,374,jejak digital memang kejam w raka gnarly amp fufufafa lengkap,digital footprint is indeed cruel w raka gnarly amp fufufafa complete
374,375,fufufafa kata mau asing ikn kan,"fufufafa the word wants to be foreign, right?"
375,376,baca yang sama sih fufufafa jelas nyebutin id utama username twitternya bisabisanya purapura buta anak mulyono satu,"Read the same thing, fufufafa clearly mentions the main ID, Twitter username, how can you pretend to be blind, Mulyono's child one"
376,377,fufufafa bisa tidur malam,fufufafa can sleep at night
377,378,entah kode padahal banyak nyadarin tau kalau prabowo gelisah manuver mulyono masih pake bahasa jilat kayak gin kok gk nanyain cubit ingat darurat pak ato cubit fufufafa,"I don't know what the code is, even though many people are aware that Prabowo is nervous about Mulyono's maneuvers, he still uses licking language like gin, why don't you ask, pinch remember, it's an emergency, sir, or pinch fufufafa"
378,379,sekarang jadi fufufafa,now it's fufufafa
379,380,twitter tau fufufafa,twitter knows fufufafa
380,381,mau nyari vokev undip kek,want to look for Undip Vokev like
381,382,lagi fufufafa,again fufufafa
382,383,daya pikat ikn mata investor asing malam minggu fufufafa aneh malam minggu wasit kaskus purwokerto partai ubah indonesia,the allure of ikn eyes of foreign investors saturday night fufufafa strange saturday night referee kaskus purwokerto party change indonesia
383,384,tolak money politik jumlah ormas pemuda layar desak deklarasi malam minggu fufufafa,reject money politics number of youth mass organizations screen urge declaration on saturday night fufufafa
384,385,gak abis abis ngetawain display name fufufafa,I can't stop laughing at the display name fufufafa
385,386,takdir tuhan rakyat pinter milu,destiny god people smart milu
386,387,kalau hina mulyono fufufafa bakal kena ite sih,"If you insult Mulyono, Fufufafa will get hit"
387,388,fufufafa partai ubah indonesia rokok tinsayae alat indomaret purwokerto coblos kaskus huehuehue,fufufafa party change indonesia cigarettes tinsayae indomaret purwokerto tools vote kaskus huehuehue
388,389,malam minggu malam minggu sanggup ready fufufafa,"Sunday night, Sunday night, ready fufufafa"
389,390,kalau fufufafa,if fufufafa
390,391,bom tau keti fufufafa purapura tau wkwk,bomb you know keti fufufafa pretend you know hahaha
391,392,btw bukan bain samsul semprot ganti username gampang ya,btw it's not bain samsul spray changing username is easy huh
392,393,fufufafa min wkwkw,fufufafa min hahaha
393,394,padahal botak dukung fanatik oke gas illfill banget loh sama jujur janggar bilang wong suka kok nanya janggar meski janggar bilang kalau istri usah nonton gituan,"even though bald supports it fanatically, okay, the gas is really illfill, you know, honestly, janggar says people like it, why do you ask janggar, even though janggar says that your wife has to watch it like that?"
394,395,rak dinding toilet estetik aneh paham agustus lawan hoaks fufufafa ilyy kaskus,toilet wall shelf aesthetic strange understanding august against hoax fufufafa ilyy kaskus
395,396,malam minggu indomaret fufufafa coblos kaka bos wasit malam minggu rumah coba belah dada gua kaskus purwokerto,Saturday night Indomaret Fufufafa vote brother boss referee Saturday night house try to split my chest Kaskus Purwokerto
396,397,tantruman mana prabowo sama cuit fufufafa nilai 11 tarik tunggu,tantrum where prabowo and tweet fufufafa score 11 pull wait
397,398,cerah malam minggu fufufafa,bright saturday night fufufafa
398,399,fufufafa partai ubah indonesia rokok tinsayae alat indomaret purwokerto huehuehue,fufufafa party change indonesia cigarette tinsayae indomaret purwokerto tools huehuehue
399,400,potret ananta dwi rajasa kakak bina alias chilli pari alias rkgbrn alias fufufafa alias gibran perintah diri utk sebar hoax,"Portrait of Ananta Dwi Rajasa, Brother Bina alias Chilli Pari alias Rkgbrn alias Fufufafa alias Gibran, ordered himself to spread hoaxes"
400,401,sehat selalu kabinet indonesia maju malam minggu fufufafa aneh wasit partai ubah indonesia sanggup kaskus ngotot,"always healthy, the Indonesian cabinet is advancing on Saturday night, fufufafa, strange, the referee, the party changes Indonesia, is able, Kaskus insists"
401,402,waduh diiket pohon fufufafa,wow tied up with a fufufafa tree
402,403,nestapa gaza warga palestina diri shalat jumat sisi masjid hanya sisa menara malam minggu indomaret fufufafa coblos kaka bos wasit malam minggu rumah coba belah dada gua kaskus purwokerto,the misery of gaza the palestinian people themselves friday prayers side of the mosque only the tower remains saturday night indomaret fufufafa vote brother boss referee saturday night house try to split my chest kaskus purwokerto
403,404,komentar seperti teman anak buah kerja tahun 2019 jangan cebokin anak mulyono woiii fufufafa akun gibran hey ingat manusia boleh hidup lama dunia tetapi anda jangan lupa mati paham kau manusia,"Comments like friends, work subordinates in 2019, don't cheat on Mulyono's children, wow, fufufafa, Gibran's account, hey, remember, humans can live a long time in the world, but don't forget to die, understand that you are human"
404,405,malem ngetawain fufufafa ngalter nya brutal wkwkwk,"laughing at night fufufafa, the ngalter is brutal wkwkwk"
405,406,oke fix bukan narkoboy gaes lebih suka begadang buat ginian,"OK, fix, you're not a narcoboy, guys, you prefer staying up late for this"
406,407,listrik pln aman malam minggu fufufafa aneh wasit partai ubah indonesia sanggup kaskus ngotot,pln electricity safe on weekends fufufafa strange Indonesian change party referee capable of kaskus insisting
407,408,apa sih gajelas pake usn fufufafa kaskus aneh,What's wrong with using USN Fufufafa Kaskus? It's strange
408,409,shah aku asli milik akun fufufafa hj,shah i am the real account of fufufafa hj
409,410,kata muncul viral nya napak tilas fufufafa kaskus ini upaya bersih karna muncul nya jejak fufufafa awal dri statment doi tntang jngn mnjelekan pimpin,"The word ""fufufafa"" has gone viral on Kaskus, this is a clean effort because the initial fufufafa trail emerged from his statement about not badmouthing the leader."
410,411,bener oneliner mantap gan cendil gan pertamax ganggu tpi fufufafa dh legen jadi gada mau bejek2 minimal opini saran apa kek biar dbejek2,"it's true that the oneliner is great, bro, cendil bro, Pertamax is annoying, but fufufafa, I'm legen, so I don't want to be a jerk, at least what opinion, suggestions, let me be a jerk?"
411,412,indonesia emas malam minggu fufufafa aneh wasit partai ubah indonesia sanggup kaskus ngotot,Indonesia Gold Saturday Night Fufufafa Strange Party Referee Change Indonesia Capable Kaskus Insisting
412,413,biar kena uu ite sebut fufufafa,"even if you get hit by that law, call it fufufafa"
413,414,keren tni au malam minggu fufufafa aneh wasit partai ubah indonesia sanggup kaskus ngotot,cool tni au weekend night fufufafa weird party referee change indonesia able kaskus to insist
414,415,bini cakep badan bagus anak ada jamin skip dunia perbokevan,beautiful wife with a nice body and children guaranteed to skip the world of perbokevan
415,416,pimpin hebat malam minggu fufufafa aneh wasit partai ubah indonesia sanggup kaskus ngotot,great lead saturday night fufufafa strange referee party change indonesia able kaskus insist
416,417,salam hormat izin tanya bapak tahu fufufafa,"best regards, may I ask, sir, fufufafa"
417,418,penting pakai akun anonim hatespeech,important to use anonymous hatespeech account
418,419,kl beneran punya fufufafa lucu bgt,If I really had fufufafa it would be really cute
419,420,cetak sejarah baru malam minggu fufufafa aneh wasit partai ubah indonesia sanggup kaskus ngotot,make new history Saturday night fufufafa strange referee party change Indonesia able kaskus insist
420,421,siappp kapan mulai bahas fufufafa bro,"ready, when will we start discussing fufufafa bro?"
421,422,pindah asn ikn mundur oktober malam minggu fufufafa aneh wasit partai ubah indonesia sanggup kaskus ngotot,move ASN IKN resign October Saturday night fufufafa strange referee party change Indonesia capable kaskus insist
422,423,sebenernya saja pks jakarta out dukung rk usung anies maju mahkamah konstitusi uu revisi selesai dengar pilih setia apa sandera kursi menteri buat elit atas atas kalian lupa pilih kalian,"Actually, PKS Jakarta out supports RK, nominates Anies to run for Constitutional Court, revised law, after hearing, choose loyalty or hostage, ministerial seats for the upper elite, you forgot to choose, you guys"
423,424,apa mungkin fufufafa ngaku sbg rkgbrn semua orang saja kan ngaku,is it possible that fufufafa claims to be rkbbrn everyone claims it
